no,company_name,stage3_scope,primary_dm,primary_dm_role,direct_phone,phone_type,phone_verified,phone_source_url,personal_email,email_type,email_verified,email_source_url,secondary_phone,secondary_email,fallback_company_phone,fallback_company_email,website,contact_summary,contact_confidence,research_notes,stage3_owner_summary,stage3_source_urls,research_complete,manual_reviewed,checked_source_count,checked_source_urls,machine_selected_sources
1,Bundesimmobiliengesellschaft m.b.H.,MAIN,Gerald Beck; Christine Dornaus,Geschäftsführer,none,NONE,no,,none,NONE,no,,,,+43620269,none,http://www.big.at/,NO_DIRECT_CONTACT_FOUND in machine pass; manual/agent verification required,MEDIUM,Machine discovery checked 3 fetched public sources plus exact-name searches/PDF discovery. Snippet-only evidence is not treated as verified. Manual review pending.,Republic of Austria via ÖBAG | Österreichische Beteiligungs AG (ÖBAG),https://www.evi.gv.at/f/34897w | https://firmen.wko.at/bundesimmobiliengesellschaft-mbh/salzburg/?firmaid=f7c879d8-490a-4266-9e0c-4cf7464be9d4&standortid=4&standortname=salzburg%20%28bundesland%29&suchbegriff=immobilienverwalter,machine_only,no,3,https://www.big.at/ | https://www.big.at/ueber-uns | https://www.big.at/impressum,
2,GWS Bau- und Verwaltungsgesellschaft m.b.H.,MAIN,Martina Haas; Thomas Purgstaller,Geschäftsführer,none,NONE,no,,none,NONE,no,,,,+433168054,none,http://www.gws-exklusiv.at/,NO_DIRECT_CONTACT_FOUND in machine pass; manual/agent verification required,MEDIUM,Machine discovery checked 4 fetched public sources plus exact-name searches/PDF discovery. Snippet-only evidence is not treated as verified. Manual review pending.,GWS parent housing organisation | GWS Gemeinnützige Alpenländische Gesellschaft für Wohnungsbau und Siedlungswesen m.b.H.,https://www.evi.gv.at/f/220100b | https://firmen.wko.at/gws-bau-und-verwaltungsgesellschaft-mbh/steiermark/?firmaid=e6e3e12a-86b4-44e3-a38f-49ba68475820&standortid=5&standortname=steiermark%20%28bundesland%29&suchbegriff=immobilienverwalter,machine_only,no,4,https://www.gws-wohnen.at/?exclusive=1 | https://www.gws-wohnen.at/ | https://www.gws-wohnen.at/gws/zahlen-fakten-daten/ | https://www.gws-wohnen.at/kontakt,
3,Kaiserer Immobilien und Hausverwaltungs GmbH,MAIN,Stefan Kaiserer; Alfred Thaler,Geschäftsführer,+436502000385,A_MOBILE_PUBLIC,yes,https://www.kaiserer.at/team,none,NONE,no,,,,+43533793937,office@kaiserer.at,http://www.kaiserer.at/,Stefan Kaiserer: A_MOBILE_PUBLIC +436502000385,HIGH,Machine discovery checked 4 fetched public sources plus exact-name searches/PDF discovery. Snippet-only evidence is not treated as verified. Manual review pending.,Kaiserer family/group via parent company | Kaiserer Architektur und Sachverständigen GmbH,https://www.firmenabc.at/kaiserer-immobilien-und-hausverwaltungs-gmbh_OWfh | https://www.unternehmensdaten.at/cz/unternehmen/484601z-kaiserer-immobilien-und-hausverwaltungs-gmbh | https://firmen.wko.at/kaiserer-immobilien-und-hausverwaltungs-gmbh/tirol/?firmaid=b9e7f7f1-17ea-40a5-a187-612ad6a1b632&standortid=7&standortname=tirol%20%28bundesland%29&suchbegriff=immobilienverwalter,machine_only,no,4,https://www.kaiserer.at/ | https://www.kaiserer.at/team | https://www.kaiserer.at/kontakt | https://www.kaiserer.at/impressum,https://www.kaiserer.at/team
4,PÜHRINGER Hausverwaltung & Immobilien GmbH & Co KG,MAIN,Doris Pühringer,Owner / Geschäftsführerin,none,NONE,no,,none,NONE,no,,,,none,none,,NO_DIRECT_CONTACT_FOUND in machine pass; manual/agent verification required,MEDIUM,Machine discovery checked 0 fetched public sources plus exact-name searches/PDF discovery. Snippet-only evidence is not treated as verified. Manual review pending.,Doris Pühringer | PÜHRINGER Hausverwaltung & Immobilien GmbH (general partner); Doris Pühringer; Anna Riedmann,https://www.evi.gv.at/f/482387v | https://www.evi.gv.at/f/482097t | https://firmen.wko.at/p%c3%9chringer-hausverwaltung-und-immobilien-gmbh-und-co-kg/tirol/?firmaid=6cedac63-45ff-49c7-b18a-5b6f07252d55&standortid=7&standortname=tirol%20%28bundesland%29&suchbegriff=immobilienverwalter,machine_only,no,0,,
5,VIVIR Holding GmbH,MAIN,Stefan Salinger,Geschäftsführer,none,NONE,no,,none,NONE,no,,,,+43501325000,office@vivir-holding.at,http://www.vivir-holding.at/,NO_DIRECT_CONTACT_FOUND in machine pass; manual/agent verification required,MEDIUM,Machine discovery checked 4 fetched public sources plus exact-name searches/PDF discovery. Snippet-only evidence is not treated as verified. Manual review pending.,Karmelitenkonvent | Karmelitenkonvent,https://www.evi.gv.at/f/240824d | https://firmen.wko.at/vivir-holding-gmbh-vivir-holdingat/ober%c3%b6sterreich/?firmaid=26646e63-0c26-48b2-ae19-de1481beb92a&standortid=3&standortname=ober%c3%b6sterreich%20%28bundesland%29&suchbegriff=immobilienverwalter,machine_only,no,4,https://vivir-holding.at/ | https://vivir-holding.at/team/ | https://vivir-holding.at/kontakt/ | https://vivir-holding.at/impressum/,
6,BUWOG - Bauen und Wohnen Gesellschaft mbH,MAIN,Martin Puckl; Andreas Holler,Geschäftsführer,none,NONE,no,,none,NONE,no,,,,+431878281000,none,http://www.buwog.at/,NO_DIRECT_CONTACT_FOUND in machine pass; manual/agent verification required,MEDIUM,Machine discovery checked 4 fetched public sources plus exact-name searches/PDF discovery. Snippet-only evidence is not treated as verified. Manual review pending.,Vonovia SE / BUWOG group | GENA ZWEI Immobilienholding GmbH; BUWOG Group GmbH,https://www.evi.gv.at/f/123812b | https://report.vonovia.com/2025/q4/de/anteilsbesitzliste | https://firmen.wko.at/buwog-bauen-und-wohnen-gesellschaft-mbh/salzburg/?firmaid=431cb0a6-d8ea-407d-ba26-0a4f38714c17&standortid=4&standortname=salzburg%20%28bundesland%29&suchbegriff=immobilienverwalter,machine_only,no,4,https://www.buwog.at/ | https://www.buwog.at/impressum | https://www.buwog.at/presse | https://www.buwog.at/content/download/254737/file/Verhaltenskodex%20gem%C3%A4%C3%9F%20%C2%A7%207%20LobbyG%20%28BUWOG%20Group%20GmbH%29.pdf,
7,Hammerl Immobilien Management GmbH,MAIN,Birgitt Hammerl,Geschäftsführerin / Gesellschafterin,none,NONE,no,,none,NONE,no,,,,+4312783364,office@hammerl.at,http://hammerl.at/,NO_DIRECT_CONTACT_FOUND in machine pass; manual/agent verification required,MEDIUM,Machine discovery checked 4 fetched public sources plus exact-name searches/PDF discovery. Snippet-only evidence is not treated as verified. Manual review pending.,Hammerl family | Robert Hammerl; Birgitt Hammerl,https://www.evi.gv.at/f/274410w | https://firmen.wko.at/hammerl-immobilien-management-gmbh/wien/?firmaid=45e08b32-768a-442c-88b0-d46c39e7971d&standortid=1&standortname=wien%20%28bundesland%29&suchbegriff=immobilienverwalter,machine_only,no,4,https://www.hammerl.at/ | https://www.hammerl.at/team | https://www.hammerl.at/kontakt | https://www.hammerl.at/impressum,
8,KALA Immobilienmanagement GmbH,MAIN,Karin Seyr; Manuela Steinkellner,Geschäftsführerinnen / Gesellschafterinnen,none,NONE,no,,none,NONE,no,,,,none,none,,NO_DIRECT_CONTACT_FOUND in machine pass; manual/agent verification required,MEDIUM,Machine discovery checked 0 fetched public sources plus exact-name searches/PDF discovery. Snippet-only evidence is not treated as verified. Manual review pending.,Karin Seyr; Manuela Steinkellner | Karin Seyr; Manuela Steinkellner,https://www.evi.gv.at/f/478163g | https://firmen.wko.at/kala-immobilienmanagement-gmbh/ober%c3%b6sterreich/?firmaid=02b59784-8383-4778-ab3d-9f4269796431&standortid=3&standortname=ober%c3%b6sterreich%20%28bundesland%29&suchbegriff=immobilienverwalter,machine_only,no,0,,
9,Raiffeisen Realitäten Betreuung Tirol GmbH,MAIN,Philipp Thomasberger; Bernhard Matt; Stefan Ruggenthaler,Geschäftsführer,none,NONE,no,,none,NONE,no,,,,none,none,,NO_DIRECT_CONTACT_FOUND in machine pass; manual/agent verification required,MEDIUM,Machine discovery checked 0 fetched public sources plus exact-name searches/PDF discovery. Snippet-only evidence is not treated as verified. Manual review pending.,Raiffeisen Tirol group | Raiffeisen-Landesbank Tirol AG; Raiffeisen Investment Advisory GmbH,https://www.evi.gv.at/f/36313b | https://rbt.at/de/kontakt/geschaeftsfuehrung.html | https://firmen.wko.at/raiffeisen-realit%c3%a4ten-betreuung-tirol-gmbh/tirol/?firmaid=58a6068a-c7cb-4d7d-8c99-54835331d4fa&standortid=7&standortname=tirol%20%28bundesland%29&suchbegriff=immobilienverwalter,machine_only,no,0,,
10,WAG Wohnungsanlagen Gesellschaft m.b.H.,MAIN,Jürgen Harich; Markus Hinterplattner; Markus Kehrer,Geschäftsführer,none,NONE,no,,none,NONE,no,,,,+43503380,none,http://www.wag.at/,NO_DIRECT_CONTACT_FOUND in machine pass; manual/agent verification required,MEDIUM,Machine discovery checked 13 fetched public sources plus exact-name searches/PDF discovery. Snippet-only evidence is not treated as verified. Manual review pending.,"WAG ownership group backed by Raiffeisenlandesbank OÖ, Wiener Städtische, HYPO OÖ and OÖ Versicherung | Beteiligungs- und Immobilien GmbH; Beteiligungs- und Wohnungsanlagen GmbH",https://www.evi.gv.at/f/78487y | https://www.wag.at/die-wag/ueber-die-wag | https://firmen.wko.at/wag-wohnungsanlagen-gesellschaft-mbh/salzburg/?firmaid=e42cf0aa-9bb1-4309-969b-1418bbc090e1&standortid=4&standortname=salzburg%20%28bundesland%29&suchbegriff=immobilienverwalter,machine_only,no,13,https://www.wag.at/ | https://www.wag.at/team/ | https://www.wag.at/ueber-uns/ | https://www.wag.at/%C3%BCber-uns/ | https://www.wag.at/management/ | https://www.wag.at/geschaeftsfuehrung/ | https://www.wag.at/gesch%C3%A4ftsf%C3%BChrung/ | https://www.wag.at/wohnservice | https://www.wag.at/contact/ | https://www.wag.at/impressum | https://www.wag.at/presse/ | https://www.wag.at/downloads/ | https://www.wag.at/fileadmin/user_upload/Fotos_WAG/Rund_um_die_WAG/Dokumente/Folder_WAG_Wohnungsverbesserung.pdf,
11,AREALIS Liegenschaftsmanagement GmbH,MAIN,Michael Widschwendter; Ivana Krenstetter,Geschäftsführer,none,NONE,no,,none,NONE,no,,,,+435035028600,office@arealis.at,http://www.arealis.at/,NO_DIRECT_CONTACT_FOUND in machine pass; manual/agent verification required,MEDIUM,Machine discovery checked 8 fetched public sources plus exact-name searches/PDF discovery. Snippet-only evidence is not treated as verified. Manual review pending.,Fultererpark corporate parent | Senioren Residenz Fultererpark Errichtungs- und Verwaltungs GmbH,https://www.evi.gv.at/f/270405f | https://firmen.wko.at/arealis-liegenschaftsmanagement-gmbh/wien/?firmaid=bb57aedf-9e61-488c-90ec-341d932136ae&standortid=1&standortname=wien%20%28bundesland%29&suchbegriff=immobilienverwalter,machine_only,no,8,https://www.arealis.at/ | https://www.arealis.at/en/management-of-the-new-ikea-store/ | https://www.arealis.at/impressum/ | https://www.arealis.at/mieter/downloads/ | https://www.arealis.at/wp-content/uploads/2021/08/Meldezettel.pdf | https://www.arealis.at/wp-content/uploads/2021/08/Einzugsermaechtigung-IBAN_BIC.pdf | https://www.arealis.at/wp-content/uploads/2021/08/Schluesselbestellung.pdf | https://www.arealis.at/wp-content/uploads/2021/08/Anleitung_Wohnungswechsel.pdf,
12,FLE GmbH,MAIN,Gilles Etrillard; Alexander Klafsky,Geschäftsführer,none,NONE,no,,none,NONE,no,,,,none,none,,NO_DIRECT_CONTACT_FOUND in machine pass; manual/agent verification required,MEDIUM,Machine discovery checked 0 fetched public sources plus exact-name searches/PDF discovery. Snippet-only evidence is not treated as verified. Manual review pending.,Shareholder consortium | La Financiere Patrimoniale d'Investissement SAS; GHEM Investments S.a.r.l.; Hector Kilcada GmbH; Pyrénées Partners Société civile,https://www.evi.gv.at/f/296776k | https://firmen.wko.at/fle-gmbh/wien/?firmaid=7dfc7864-809d-4186-b383-5ae15c289bd3&standortid=1&standortname=wien%20%28bundesland%29&suchbegriff=immobilienverwalter,machine_only,no,0,,
13,Immobilienverwaltung Mag. Alois Rosenberger GmbH,MAIN,Alois Rosenberger,Owner / Geschäftsführer,none,NONE,no,,none,NONE,no,,,,+4313324298,none,https://www.iv-ro.at/,NO_DIRECT_CONTACT_FOUND in machine pass; manual/agent verification required,MEDIUM,Machine discovery checked 3 fetched public sources plus exact-name searches/PDF discovery. Snippet-only evidence is not treated as verified. Manual review pending.,Alois Rosenberger | Alois Rosenberger,https://www.iv-ro.at/ | https://firmen.wko.at/immobilienverwaltung-mag-alois-rosenberger-gmbh-immobilienverwaltung-rosenberger/wien/?firmaid=6d7c802b-1c76-4ed6-a1ab-7f8eb02b1a92&standortid=1&standortname=wien%20%28bundesland%29&suchbegriff=immobilienverwalter,machine_only,no,3,https://iv-ro.at/ | https://iv-ro.at/kontakt/ | https://iv-ro.at/impressum/,
14,OM Objektmanagement GmbH,MAIN,Renate Tomaschek; Petra Antoni,Geschäftsführerinnen,none,NONE,no,,none,NONE,no,,,,none,none,,NO_DIRECT_CONTACT_FOUND in machine pass; manual/agent verification required,MEDIUM,Machine discovery checked 0 fetched public sources plus exact-name searches/PDF discovery. Snippet-only evidence is not treated as verified. Manual review pending.,Erste Group Bank AG | Erste Group Bank AG,https://www.evi.gv.at/f/67715g | https://firmen.wko.at/om-objektmanagement-gmbh/salzburg/?firmaid=876f338d-ac6c-492f-955a-75f189c79885&standortid=4&standortname=salzburg%20%28bundesland%29&suchbegriff=immobilienverwalter,machine_only,no,0,,
15,Stadt Wien - Wiener Wohnen Kundenservice GmbH,MAIN,Angelika Flatz; Marcel Kremmer,Geschäftsführer,none,NONE,no,,none,NONE,no,,,,none,none,,NO_DIRECT_CONTACT_FOUND in machine pass; manual/agent verification required,MEDIUM,Machine discovery checked 0 fetched public sources plus exact-name searches/PDF discovery. Snippet-only evidence is not treated as verified. Manual review pending.,City of Vienna | Stadt Wien,https://www.evi.gv.at/f/223828i | https://firmen.wko.at/stadt-wien-wiener-wohnen-kundenservice-gmbh/wien/?firmaid=6d3a9567-4ce0-428f-8f49-1cf77a313b02&standortid=1&standortname=wien%20%28bundesland%29&suchbegriff=immobilienverwalter,machine_only,no,0,,
16,Wohnfit Hausverwaltungs GmbH,MAIN,Sargon Gecer; Kresimir Azdajic,Gesellschafter / Geschäftsführer,none,NONE,no,,none,NONE,no,,,,none,none,,NO_DIRECT_CONTACT_FOUND in machine pass; manual/agent verification required,MEDIUM,Machine discovery checked 0 fetched public sources plus exact-name searches/PDF discovery. Snippet-only evidence is not treated as verified. Manual review pending.,Owner-managers plus teamneunzehn group | Sargon Gecer; Kresimir Azdajic; teamneunzehn.at Hausverwaltung GmbH,https://www.evi.gv.at/f/580626m | https://firmen.wko.at/wohnfit-hausverwaltungs-gmbh/wien/?firmaid=6589f8fb-70b0-49d0-8bf5-9938014d8527&standortid=1&standortname=wien%20%28bundesland%29&suchbegriff=immobilienverwalter,machine_only,no,0,,
17,at home FM Services GmbH,MAIN,Alexander Hießböck; Thomas Fischmann,Geschäftsführer,none,NONE,no,,none,NONE,no,,,,none,none,,NO_DIRECT_CONTACT_FOUND in machine pass; manual/agent verification required,MEDIUM,Machine discovery checked 0 fetched public sources plus exact-name searches/PDF discovery. Snippet-only evidence is not treated as verified. Manual review pending.,at home group | at home Immobilien-GmbH,https://www.evi.gv.at/f/500149p | https://firmen.wko.at/at-home-fm-services-gmbh/wien/?firmaid=1b4d9f0a-4662-4913-8875-01224abd1df4&standortid=1&standortname=wien%20%28bundesland%29&suchbegriff=immobilienverwalter,machine_only,no,0,,
18,GBG Gebäude- und Baumanagement Graz GmbH,MAIN,Günter Hirner,Geschäftsführer,none,NONE,no,,none,NONE,no,,,,none,none,http://www.gbg.graz.at/,NO_DIRECT_CONTACT_FOUND in machine pass; manual/agent verification required,MEDIUM,Machine discovery checked 1 fetched public sources plus exact-name searches/PDF discovery. Snippet-only evidence is not treated as verified. Manual review pending.,City of Graz | Stadt Graz; Holding Graz – Kommunale Dienstleistungen GmbH,https://www.gbg.graz.at/ | https://firmen.wko.at/gbg-geb%c3%a4ude-und-baumanagement-graz-gmbh/steiermark/?firmaid=9e5b77c7-357a-45b6-963e-6e35837325e6&standortid=5&standortname=steiermark%20%28bundesland%29&suchbegriff=immobilienverwalter,machine_only,no,1,https://www.gbg.graz.at/,
19,Ing. Werner Wilhelm Bayer,MAIN,Werner Bayer,Inhaber,none,NONE,no,,klaus.bayer@svbayer.at,A_PERSONAL_VERIFIED,yes,https://www.svbayer.at/ueber-uns,,,+43335232660337,office@svbayer.at,http://www.svbayer.at/,Werner Bayer: A_PERSONAL_VERIFIED klaus.bayer@svbayer.at,HIGH,Machine discovery checked 4 fetched public sources plus exact-name searches/PDF discovery. Snippet-only evidence is not treated as verified. Manual review pending.,Ing Werner Wilhelm Bayer | Ing Werner Wilhelm Bayer,https://firmen.wko.at/ing-werner-wilhelm-bayer/burgenland/?firmaid=4205006d-0577-4ffd-8f93-1d689e906979 | https://firmen.wko.at/ing-werner-wilhelm-bayer/burgenland/?firmaid=4205006d-0577-4ffd-8f93-1d689e906979&standortid=9&standortname=burgenland%20%28bundesland%29&suchbegriff=immobilienverwalter,machine_only,no,4,https://www.svbayer.at/ | https://www.svbayer.at/ueber-uns | https://www.svbayer.at/kontakt | https://www.svbayer.at/impressum,https://www.svbayer.at/ueber-uns
20,PMV Immobilien Management GmbH,MAIN,Florian Hörmann,Geschäftsführer,none,NONE,no,,none,NONE,no,,,,none,none,,NO_DIRECT_CONTACT_FOUND in machine pass; manual/agent verification required,MEDIUM,Machine discovery checked 0 fetched public sources plus exact-name searches/PDF discovery. Snippet-only evidence is not treated as verified. Manual review pending.,PMV Holding / IMV-GIM group context | PMV Holding GmbH,https://www.evi.gv.at/f/332655z | https://firmen.wko.at/pmv-immobilien-management-gmbh/nieder%c3%b6sterreich/?firmaid=c4916f64-6ef3-4734-bb82-7f766585b87d&standortid=2&standortname=nieder%c3%b6sterreich%20%28bundesland%29&suchbegriff=immobilienverwalter,machine_only,no,0,,
21,Supernova Invest GmbH,MAIN,Markus Pinggera; Petra Michelatsch,Geschäftsführer,none,NONE,no,,none,NONE,no,,,,none,none,,NO_DIRECT_CONTACT_FOUND in machine pass; manual/agent verification required,MEDIUM,Machine discovery checked 0 fetched public sources plus exact-name searches/PDF discovery. Snippet-only evidence is not treated as verified. Manual review pending.,Supernova / Sunrise group | Sunrise Holding GmbH,https://www.evi.gv.at/f/423086k | https://firmen.wko.at/supernova-invest-gmbh/steiermark/?firmaid=67cb3908-ab37-401e-bacf-b2226a9e2757&standortid=5&standortname=steiermark%20%28bundesland%29&suchbegriff=immobilienverwalter,machine_only,no,0,,
22,Zurich Immobilien Liegenschaftsverwaltungs-GesmbH,MAIN,Petra Fröstl; Maximilian Knoblechner,Geschäftsführer,none,NONE,no,,none,NONE,no,,,,none,none,,NO_DIRECT_CONTACT_FOUND in machine pass; manual/agent verification required,MEDIUM,Machine discovery checked 0 fetched public sources plus exact-name searches/PDF discovery. Snippet-only evidence is not treated as verified. Manual review pending.,Zurich Insurance Group | Zürich Versicherungs-Aktiengesellschaft,https://www.zurich.at/ | https://firmen.wko.at/zurich-immobilien-liegenschaftsverwaltungs-gesmbh/wien/?firmaid=d8edbf56-e59f-44ef-9ac7-3ecc6e1d917a&standortid=1&standortname=wien%20%28bundesland%29&suchbegriff=immobilienverwalter,machine_only,no,0,,
23,AI Immobilienverwertung GmbH.,MAIN,Eva Baumann; Michael Bujatti,Geschäftsführer,none,NONE,no,,none,NONE,no,,,,none,none,http://www.apk.at/aiig,NO_DIRECT_CONTACT_FOUND in machine pass; manual/agent verification required,MEDIUM,Machine discovery checked 11 fetched public sources plus exact-name searches/PDF discovery. Snippet-only evidence is not treated as verified. Manual review pending.,APK group | APK Versicherung AG,https://www.evi.gv.at/f/47499b | https://firmen.wko.at/ai-immobilienverwertung-gmbh/ober%c3%b6sterreich/?firmaid=d8d355d2-e516-4ab3-90e2-2d6ba243cc0c&standortid=3&standortname=ober%c3%b6sterreich%20%28bundesland%29&suchbegriff=immobilienverwalter,machine_only,no,11,https://www.apk.at/aiig | https://www.apk.at/team | https://www.apk.at/ueber-uns | https://www.apk.at/%C3%BCber-uns | https://www.apk.at/management | https://www.apk.at/geschaeftsfuehrung | https://www.apk.at/gesch%C3%A4ftsf%C3%BChrung | https://www.apk.at/kontakt | https://www.apk.at/contact | https://www.apk.at/presse | https://www.apk.at/downloads,
24,Dr. Martin Schober Immobilienverwaltung GmbH,MAIN,Martin Schober,Geschäftsführer,none,NONE,no,,none,NONE,no,,,,none,none,,NO_DIRECT_CONTACT_FOUND in machine pass; manual/agent verification required,MEDIUM,Machine discovery checked 0 fetched public sources plus exact-name searches/PDF discovery. Snippet-only evidence is not treated as verified. Manual review pending.,MASCH Verwaltungs GmbH (Dr Schober is GF but only minority shareholder of parent) | MASCH Verwaltungs GmbH,https://www.evi.gv.at/f/524478t | https://firmen.wko.at/dr-martin-schober-immobilienverwaltung-gmbh/nieder%c3%b6sterreich/?firmaid=42161173-caf0-44f5-96e1-8e79f03c87d6&standortid=2&standortname=nieder%c3%b6sterreich%20%28bundesland%29&suchbegriff=immobilienverwalter,machine_only,no,0,,
25,Immobilien Verwaltung Klagenfurt GmbH,MAIN,Gerhard Scheucher,Geschäftsführer,none,NONE,no,,none,NONE,no,,,,+434635373320,none,https://www.klagenfurt-wohnen.at/,NO_DIRECT_CONTACT_FOUND in machine pass; manual/agent verification required,MEDIUM,Machine discovery checked 6 fetched public sources plus exact-name searches/PDF discovery. Snippet-only evidence is not treated as verified. Manual review pending.,City of Klagenfurt | Landeshauptstadt Klagenfurt am Wörthersee,https://www.klagenfurt.at/stadtverwaltung/budget-finanzen/staedtische-beteiligungen | https://firmen.wko.at/immobilien-verwaltung-klagenfurt-gmbh-immobilien-verwaltung-klagenfurt-gmbh/k%C3%A4rnten/?firmaid=d3e56be0-14f6-4218-bcc3-272c7810184e | https://firmen.wko.at/immobilien-verwaltung-klagenfurt-gmbh-immobilien-verwaltung-klagenfurt-gmbh/k%c3%a4rnten/?firmaid=d3e56be0-14f6-4218-bcc3-272c7810184e&standortid=6&standortname=k%c3%a4rnten%20%28bundesland%29&suchbegriff=immobilienverwalter,machine_only,no,6,https://www.klagenfurt-wohnen.at/ | https://www.klagenfurt-wohnen.at/kontakt | https://www.klagenfurt-wohnen.at/impressum | https://www.klagenfurt-wohnen.at/downloads | https://www.klagenfurt-wohnen.at/fileadmin/user_upload/Klagenfurt_Wohnen/02_Services/Downloads/WB_Aushang_Information_Netz.pdf | https://www.klagenfurt-wohnen.at/fileadmin/klagenfurt-wohnen/Formulare/WB_Formular_Kuendigung_Geschaeftslokalmietvertrag.pdf,
26,"Ludwig Hallas, Immobilienverwaltung Gesellschaft m.b.H.",MAIN,Alexander Schlechta; Martin Fischer,Majority owner; Geschäftsführer,none,NONE,no,,none,NONE,no,,,,+431521380,office@hallas.at,http://www.hallas.at/,NO_DIRECT_CONTACT_FOUND in machine pass; manual/agent verification required,MEDIUM,Machine discovery checked 2 fetched public sources plus exact-name searches/PDF discovery. Snippet-only evidence is not treated as verified. Manual review pending.,Alexander Schlechta | Alexander Schlechta; Martin Fischer; Karl Fischer,https://www.evi.gv.at/f/92132p | https://firmen.wko.at/ludwig-hallas-immobilienverwaltung-gesellschaft-mbh/wien/?firmaid=1488ee5c-9ebe-4391-a73f-50b34e432d8d&standortid=1&standortname=wien%20%28bundesland%29&suchbegriff=immobilienverwalter,machine_only,no,2,https://www.hallas.at/ | https://www.hallas.at/impressum/,
27,Salzburg Wohnbau GmbH,MAIN,Georg Grundbichler; Thomas Maierhofer,Geschäftsführer,none,NONE,no,,none,NONE,no,,,,+4366220660,office@salzburg-wohnbau.at,http://www.salzburg-wohnbau.at/,NO_DIRECT_CONTACT_FOUND in machine pass; manual/agent verification required,MEDIUM,Machine discovery checked 5 fetched public sources plus exact-name searches/PDF discovery. Snippet-only evidence is not treated as verified. Manual review pending.,Current shareholder group | BAUSPARERHEIM gemeinnützige Wohnungsgenossenschaft; Mag Walter Haas; Sandra Hasenauer; Ing Manfred Sampl,https://www.evi.gv.at/f/212888x | https://firmen.wko.at/salzburg-wohnbau-gmbh-immobilientreuh%c3%a4nder-immobilienmakler-immobilienverwalter/salzburg/?firmaid=73b2127c-dd25-4908-a82e-82bf680f9849&standortid=4&standortname=salzburg%20%28bundesland%29&suchbegriff=immobilienverwalter,machine_only,no,5,https://www.salzburg-wohnbau.at/ | https://www.salzburg-wohnbau.at/team/ | https://www.salzburg-wohnbau.at/impressum/ | https://www.salzburg-wohnbau.at/pressegespraech-2020/ | https://www.salzburg-wohnbau.at/downloads/,
28,WEVIG Wohnungseigentumsverwaltungs- und Immobilientreuhand-Gesellschaft m.b.H.,MAIN,Robert Zier; Bernhard Raffelsberger,Geschäftsführer,none,NONE,no,,none,NONE,no,,,,+4314860608,office@wevig.at,https://wevig.at/,NO_DIRECT_CONTACT_FOUND in machine pass; manual/agent verification required,MEDIUM,Machine discovery checked 8 fetched public sources plus exact-name searches/PDF discovery. Snippet-only evidence is not treated as verified. Manual review pending.,Familienwohnbau group / institutional housing owners | Familienwohnbau gemeinnützige Bau- und Siedlungsgesellschaft m.b.H.; Familienwohnbau Niederösterreich gemeinnützige Wohnbau GmbH; Gesellschaft zur Förderung ökosozialer und familiengerechter Wohnungen GmbH,https://www.firmenabc.at/wevig-wohnungseigentumsverwaltungs-und-immobilientreuhand-ge_EuUt | https://firmen.wko.at/wevig-wohnungseigentumsverwaltungs-und-immobilientreuhand-gesellschaft-mbh/nieder%c3%b6sterreich/?firmaid=382f262c-0390-48ea-a925-d110875546f3&standortid=2&standortname=nieder%c3%b6sterreich%20%28bundesland%29&suchbegriff=immobilienverwalter,machine_only,no,8,https://www.wevig.at/ | https://www.wevig.at/team/ | https://www.wevig.at/impressum/ | https://www.wevig.at/downloads/ | https://www.wevig.at/wp-content/uploads/2023/01/SEPA-Einzugsermaechtigung_neu.pdf | https://www.wevig.at/wp-content/uploads/2023/01/Vollmacht-fuer-Hausversammlung.pdf | https://www.wevig.at/wp-content/uploads/2023/01/Aenderung_Versandadresse.pdf | https://www.wevig.at/wp-content/uploads/2023/01/Antrag-Schluesselbestaetigung.pdf,
29,Apleona Real Estate AT GmbH,MAIN,Julia Rahner; Michael Bucher,Geschäftsführer,none,NONE,no,,none,NONE,no,,,,none,none,https://www.realestate.apleona.at/,NO_DIRECT_CONTACT_FOUND in machine pass; manual/agent verification required,MEDIUM,Machine discovery checked 0 fetched public sources plus exact-name searches/PDF discovery. Snippet-only evidence is not treated as verified. Manual review pending.,Apleona group | Apleona Real Estate GmbH,https://www.realestate.apleona.at/ | https://firmen.wko.at/apleona-real-estate-at-gmbh/wien/?firmaid=0c7fae37-ce34-4376-be1a-e8458a034c13&standortid=1&standortname=wien%20%28bundesland%29&suchbegriff=immobilienverwalter,machine_only,no,0,,
30,Dr.Gerlich + Co.Hausverwaltung & Facility Management GmbH,MAIN,Peter Genser,Geschäftsführender Gesellschafter / CEO,none,NONE,no,,none,NONE,no,,,,none,none,,NO_DIRECT_CONTACT_FOUND in machine pass; manual/agent verification required,MEDIUM,Machine discovery checked 0 fetched public sources plus exact-name searches/PDF discovery. Snippet-only evidence is not treated as verified. Manual review pending.,Peter Genser / Peter Panowsky owner-management | Peter Genser; Peter Panowsky,https://www.gerlich.at/ueber-uns/team/ | https://firmen.wko.at/drgerlich-cohausverwaltung-und-facility-management-gmbh/salzburg/?firmaid=219f42a8-a4f3-4f4e-9690-4e26dc00712f&standortid=4&standortname=salzburg%20%28bundesland%29&suchbegriff=immobilienverwalter,machine_only,no,0,,
31,Immobilientreuhand Kluger GmbH,MAIN,Sonja Helfer; Sabine Glösmann,Geschäftsführerinnen / Gesellschafterinnen,none,NONE,no,,none,NONE,no,,,,none,none,,NO_DIRECT_CONTACT_FOUND in machine pass; manual/agent verification required,MEDIUM,Machine discovery checked 0 fetched public sources plus exact-name searches/PDF discovery. Snippet-only evidence is not treated as verified. Manual review pending.,Owner-managers / service-company shareholder | Sonja Helfer; Sabine Glösmann; Technik rund ums Haus Service GmbH,https://www.evi.gv.at/ | https://firmen.wko.at/immobilientreuhand-kluger-gmbh/wien/?firmaid=085657f5-9f16-4690-923d-20497f4158bc&standortid=1&standortname=wien%20%28bundesland%29&suchbegriff=immobilienverwalter,machine_only,no,0,,
32,NV Immobilien GmbH,MAIN,Paul Fruhmann; Jürgen Narath,Geschäftsführer,none,NONE,no,,none,NONE,no,,,,none,none,,NO_DIRECT_CONTACT_FOUND in machine pass; manual/agent verification required,MEDIUM,Machine discovery checked 0 fetched public sources plus exact-name searches/PDF discovery. Snippet-only evidence is not treated as verified. Manual review pending.,NVB Holding group | NVB Holding GmbH,https://www.evi.gv.at/f/628931z | https://firmen.wko.at/nv-immobilien-gmbh/nieder%c3%b6sterreich/?firmaid=af42e25e-cdfc-4328-8df2-c011a4c322f2&standortid=2&standortname=nieder%c3%b6sterreich%20%28bundesland%29&suchbegriff=immobilienverwalter,machine_only,no,0,,
33,SES Center Management GmbH,MAIN,Christoph Andexlinger,Geschäftsführer / CEO-level group management,none,NONE,no,,none,NONE,no,,,,none,none,,NO_DIRECT_CONTACT_FOUND in machine pass; manual/agent verification required,MEDIUM,Machine discovery checked 0 fetched public sources plus exact-name searches/PDF discovery. Snippet-only evidence is not treated as verified. Manual review pending.,SES / SPAR Austria group | Partig Beteiligungs- und Vermögensverwaltungsgesellschaft m.b.H.,https://www.firmenabc.at/ses-center-management-gmbh_DbYY | https://firmen.wko.at/ses-center-management-gmbh/salzburg/?firmaid=79f71352-b685-432e-bc8b-21f56895e524&standortid=4&standortname=salzburg%20%28bundesland%29&suchbegriff=immobilienverwalter,machine_only,no,0,,
34,Wohnbau 2000 Gesellschaft mbH,MAIN,Jörg Rigger,Owner / Geschäftsführer,+43732779111,C_PERSON_BOUND_OFFICE,yes,https://wohnbau2000.com/unternehmen/team/,none,NONE,no,,,,+431092026,none,http://www.wohnbau2000.at/,Jörg Rigger: C_PERSON_BOUND_OFFICE +43732779111,MEDIUM_HIGH,Machine discovery checked 12 fetched public sources plus exact-name searches/PDF discovery. Snippet-only evidence is not treated as verified. Manual review pending.,Jörg Rigger | Jörg Rigger; Janine Karlsböck,https://www.evi.gv.at/f/81674i | https://firmen.wko.at/wohnbau-2000-gesellschaft-mbh-immobilien-bautr%c3%84ger-makler-verwalter/ober%c3%b6sterreich/?firmaid=0371acbe-5cc3-4c87-911b-496bbeed12b2&standortid=3&standortname=ober%c3%b6sterreich%20%28bundesland%29&suchbegriff=immobilienverwalter,machine_only,no,12,https://wohnbau2000.com/ | https://wohnbau2000.com/unternehmen/team/ | https://wohnbau2000.com/ueber-uns | https://wohnbau2000.com/%C3%BCber-uns | https://wohnbau2000.com/management | https://wohnbau2000.com/geschaeftsfuehrung | https://wohnbau2000.com/gesch%C3%A4ftsf%C3%BChrung | https://wohnbau2000.com/kontakt/ | https://wohnbau2000.com/contact | https://wohnbau2000.com/impressum/ | https://wohnbau2000.com/presse/ | https://wohnbau2000.com/service-faqs/downloads/,https://wohnbau2000.com/unternehmen/team/
35,BOE Gebäudemanagement Gesellschaft m.b.H.,MAIN,Manfred Mayer; Karl Ispas,Geschäftsführer,none,NONE,no,,none,NONE,no,,,,+4317120438,verwaltung@boe.co.at,http://www.boe-parking.at/,NO_DIRECT_CONTACT_FOUND in machine pass; manual/agent verification required,MEDIUM,Machine discovery checked 2 fetched public sources plus exact-name searches/PDF discovery. Snippet-only evidence is not treated as verified. Manual review pending.,Concordia/BOE group | Concordia Park Garagen GmbH,https://www.evi.gv.at/f/33879y | https://firmen.wko.at/boe-geb%c3%a4udemanagement-gesellschaft-mbh/tirol/?firmaid=4cef397c-cbbe-45bc-8d3b-21ca36fae81b&standortid=7&standortname=tirol%20%28bundesland%29&suchbegriff=immobilienverwalter,machine_only,no,2,https://www.boe-parking.at/ | https://www.boe-parking.at/impressum,
36,GSA Wohnbauträger GmbH,MAIN,Christian Haidinger,Geschäftsführer,none,NONE,no,,none,NONE,no,,,,none,none,,NO_DIRECT_CONTACT_FOUND in machine pass; manual/agent verification required,MEDIUM,Machine discovery checked 0 fetched public sources plus exact-name searches/PDF discovery. Snippet-only evidence is not treated as verified. Manual review pending.,Institutional housing-owner consortium | Familienwohnbau gemeinnützige Bau- und Siedlungsgesellschaft; BAUSPARERHEIM gemeinnützige Wohnungsgenossenschaft; GSA Genossenschaft; Salzburger Siedlungswerk,https://www.evi.gv.at/f/386661w | https://firmen.wko.at/gsa-wohnbautr%c3%a4ger-gmbh/ober%c3%b6sterreich/?firmaid=9d65930d-0479-4028-9f68-2edde4a97a33&standortid=3&standortname=ober%c3%b6sterreich%20%28bundesland%29&suchbegriff=immobilienverwalter,machine_only,no,0,,
37,ista Österreich GmbH,MAIN,Jan Oliver Schlodder; Friedrich Paprotka,Geschäftsführer,none,NONE,no,,none,NONE,no,,,,none,none,http://www.ista.at/,NO_DIRECT_CONTACT_FOUND in machine pass; manual/agent verification required,MEDIUM,Machine discovery checked 1 fetched public sources plus exact-name searches/PDF discovery. Snippet-only evidence is not treated as verified. Manual review pending.,ista group | ista SE,https://www.ista.com/at/ | https://firmen.wko.at/ista-%c3%96sterreich-gmbh/wien/?firmaid=213ad5af-0add-4e26-9f75-44e52383e686&standortid=1&standortname=wien%20%28bundesland%29&suchbegriff=immobilienverwalter,machine_only,no,1,https://www.ista.com/at/,
38,PRISMA Zentrum für Standort- und Regionalentwicklung GmbH,MAIN,Bernhard Ölz,Geschäftsführer,none,NONE,no,,none,NONE,no,,,,+43557222122,none,https://www.prisma-zentrum.com/,NO_DIRECT_CONTACT_FOUND in machine pass; manual/agent verification required,MEDIUM,Machine discovery checked 3 fetched public sources plus exact-name searches/PDF discovery. Snippet-only evidence is not treated as verified. Manual review pending.,PRISMA group | PRISMA Holding AG,https://www.evi.gv.at/f/541619z | https://firmen.wko.at/%22prisma%22-zentrum-f%c3%bcr-standort-und-regionalentwicklung-gmbh/salzburg/?firmaid=c4259ce0-2340-4dbd-bdf9-6cf297ee7b3d&standortid=4&standortname=salzburg%20%28bundesland%29&suchbegriff=immobilienverwalter,machine_only,no,3,https://www.prisma-zentrum.com/ | https://www.prisma-zentrum.com/kontakt | https://www.prisma-zentrum.com/impressum,
39,Unibail-Rodamco Austria Verwaltungs GmbH,MAIN,Jakub Skwarlo; Paul Douay,Geschäftsführer,none,NONE,no,,none,NONE,no,,,,none,none,,NO_DIRECT_CONTACT_FOUND in machine pass; manual/agent verification required,MEDIUM,Machine discovery checked 0 fetched public sources plus exact-name searches/PDF discovery. Snippet-only evidence is not treated as verified. Manual review pending.,Unibail-Rodamco-Westfield group | URW Invest GmbH,https://www.urw.com/ | https://firmen.wko.at/unibail-rodamco-austria-verwaltungs-gmbh/nieder%c3%b6sterreich/?firmaid=558419c0-dc6b-4c90-b866-81e136186aa6&standortid=2&standortname=nieder%c3%b6sterreich%20%28bundesland%29&suchbegriff=immobilienverwalter,machine_only,no,0,,
40,be real Immobilienmanagement GmbH,MAIN,Lukas Eybel,Owner-controller / Geschäftsführer,none,NONE,no,,none,NONE,no,,,,+4315353619,office@bereal-immobilien.at,http://www.bereal-immobilien.at/,NO_DIRECT_CONTACT_FOUND in machine pass; manual/agent verification required,MEDIUM,Machine discovery checked 12 fetched public sources plus exact-name searches/PDF discovery. Snippet-only evidence is not treated as verified. Manual review pending.,Lukas Eybel via personal holding | Lukas Eybel BeteiligungsgmbH,https://www.evi.gv.at/f/152672v | https://firmen.wko.at/be-real-immobilienmanagement-gmbh/wien/?firmaid=0db5736d-8b4a-41cc-acd4-611f22e60540&standortid=1&standortname=wien%20%28bundesland%29&suchbegriff=immobilienverwalter,machine_only,no,12,https://www.bereal-immobilien.at/ | https://www.bereal-immobilien.at/team | https://www.bereal-immobilien.at/ueber-uns | https://www.bereal-immobilien.at/%C3%BCber-uns | https://www.bereal-immobilien.at/management | https://www.bereal-immobilien.at/geschaeftsfuehrung | https://www.bereal-immobilien.at/gesch%C3%A4ftsf%C3%BChrung | https://www.bereal-immobilien.at/kontakt | https://www.bereal-immobilien.at/contact | https://www.bereal-immobilien.at/impressum | https://www.bereal-immobilien.at/presse | https://www.bereal-immobilien.at/downloads,
41,GRAWE Immo AG,MAIN,Kristijan Agatic; Manfred Stranz; Stefan Höhn,Vorstand,none,NONE,no,,none,NONE,no,,,,none,none,http://www.gwimmo.at/,NO_DIRECT_CONTACT_FOUND in machine pass; manual/agent verification required,MEDIUM,Machine discovery checked 0 fetched public sources plus exact-name searches/PDF discovery. Snippet-only evidence is not treated as verified. Manual review pending.,GRAWE Versicherungsgruppe | GRAWE group / AG shareholder structure,https://www.grawe-immo.at/ | https://firmen.wko.at/grawe-immo-ag/steiermark/?firmaid=3e9afebc-bcab-453c-807d-6ede8fd40f47&standortid=5&standortname=steiermark%20%28bundesland%29&suchbegriff=immobilienverwalter,machine_only,no,0,,
42,International Campus Austria GmbH,MAIN,Gerhard Hrabik; Wolfgang Quirchmayr,Geschäftsführer,none,NONE,no,,none,NONE,no,,,,none,none,,NO_DIRECT_CONTACT_FOUND in machine pass; manual/agent verification required,MEDIUM,Machine discovery checked 0 fetched public sources plus exact-name searches/PDF discovery. Snippet-only evidence is not treated as verified. Manual review pending.,International Campus Group | International Campus Group Sàrl,https://www.the-fizz.com/ | https://firmen.wko.at/international-campus-austria-gmbh/wien/?firmaid=09505220-ff99-4ca6-843c-4dbfdcd07ada&standortid=1&standortname=wien%20%28bundesland%29&suchbegriff=immobilienverwalter,machine_only,no,0,,
43,Porsche Immobilien Gesellschaft m.b.H.,MAIN,Wilhelm Felix Strigl; Christian Häupl,Geschäftsführer,none,NONE,no,,none,NONE,no,,,,none,none,,NO_DIRECT_CONTACT_FOUND in machine pass; manual/agent verification required,MEDIUM,Machine discovery checked 0 fetched public sources plus exact-name searches/PDF discovery. Snippet-only evidence is not treated as verified. Manual review pending.,Porsche Holding / Volkswagen group | Porsche Holding Gesellschaft m.b.H.,https://www.porsche-holding.com/ | https://firmen.wko.at/porsche-immobilien-gesellschaft-mbh/salzburg/?firmaid=3aca3e73-9ff6-46d0-8b65-21435521cb21&standortid=4&standortname=salzburg%20%28bundesland%29&suchbegriff=immobilienverwalter,machine_only,no,0,,
44,Ulreich VerwaltungsGmbH,MAIN,Hans Jörg Ulreich,Owner / Geschäftsführer,none,NONE,no,,none,NONE,no,,,,none,none,,NO_DIRECT_CONTACT_FOUND in machine pass; manual/agent verification required,MEDIUM,Machine discovery checked 0 fetched public sources plus exact-name searches/PDF discovery. Snippet-only evidence is not treated as verified. Manual review pending.,Hans Jörg Ulreich | Mag Hans Jörg Ulreich,https://www.firmenatlas.com/firma/393764s | https://firmen.wko.at/ulreich-verwaltungsgmbh/wien/?firmaid=e0e7f760-3864-4381-884e-983d57c858c1&standortid=1&standortname=wien%20%28bundesland%29&suchbegriff=immobilienverwalter,machine_only,no,0,,
45,ÖBB-Immobilienmanagement Gesellschaft mbH,MAIN,Erich Pirkl; Claudia Brey,Geschäftsführer,none,NONE,no,,none,NONE,no,,,,none,none,,NO_DIRECT_CONTACT_FOUND in machine pass; manual/agent verification required,MEDIUM,Machine discovery checked 0 fetched public sources plus exact-name searches/PDF discovery. Snippet-only evidence is not treated as verified. Manual review pending.,Republic of Austria via ÖBB-Holding AG | ÖBB-Infrastruktur AG,https://immobilien.oebb.at/ | https://firmen.wko.at/%c3%96bb-immobilienmanagement-gesellschaft-mbh/salzburg/?firmaid=dbe320f6-197f-468e-a099-01772f442235&standortid=4&standortname=salzburg%20%28bundesland%29&suchbegriff=immobilienverwalter,machine_only,no,0,,
46,Alpen Real Immobilien GmbH,MAIN,Thomas Kletzmayr,Geschäftsführer,none,NONE,no,,none,NONE,no,,,,none,none,,NO_DIRECT_CONTACT_FOUND in machine pass; manual/agent verification required,MEDIUM,Machine discovery checked 0 fetched public sources plus exact-name searches/PDF discovery. Snippet-only evidence is not treated as verified. Manual review pending.,Bamberger/Hartlauer ownership | Eva Maria Bamberger; Ingrid Hartlauer,https://www.alpenreal.at/ | https://firmen.wko.at/alpen-real-immobilien-gmbh/salzburg/?firmaid=9850b2d6-ba5c-4095-b8df-2b52f86737cf&standortid=4&standortname=salzburg%20%28bundesland%29&suchbegriff=immobilienverwalter,machine_only,no,0,,
47,Dr. Peter Dirnbacher Immobilientreuhand GmbH & Co KG,MAIN,Saeed Akhondi; Barbara Zimmeter-Haidvogel,Geschäftsführer / Kommanditisten,none,NONE,no,,none,NONE,no,,,,none,none,,NO_DIRECT_CONTACT_FOUND in machine pass; manual/agent verification required,MEDIUM,Machine discovery checked 0 fetched public sources plus exact-name searches/PDF discovery. Snippet-only evidence is not treated as verified. Manual review pending.,Three-way partner control through managing GmbH/KG structure | Dr. Peter Dirnbacher Immobilientreuhand GmbH (general partner); Saeed Akhondi; Barbara Zimmeter-Haidvogel; Patrick Jungmann GmbH,https://www.firmenabc.at/dr-peter-dirnbacher-immobilientreuhand-gmbh-co-kg_KHPI | https://firmen.wko.at/dr-peter-dirnbacher-immobilientreuhand-gmbh-und-co-kg/wien/?firmaid=3fb133e5-3502-4017-9c5e-2fad723cd6a1&standortid=1&standortname=wien%20%28bundesland%29&suchbegriff=immobilienverwalter,machine_only,no,0,,
48,Immobilienkanzlei Mag. Wolf-Dietrich Schneeweiss e.U.,MAIN,Wolf-Dietrich Schneeweiss,Inhaber,none,NONE,no,,none,NONE,no,,,,none,none,,NO_DIRECT_CONTACT_FOUND in machine pass; manual/agent verification required,MEDIUM,Machine discovery checked 0 fetched public sources plus exact-name searches/PDF discovery. Snippet-only evidence is not treated as verified. Manual review pending.,Wolf-Dietrich Schneeweiss | Mag Wolf-Dietrich Schneeweiss,https://firmen.wko.at/ | https://firmen.wko.at/immobilienkanzlei-mag-wolf-dietrich-schneeweiss-eu/wien/?firmaid=bf8a27a4-170f-47d6-a58d-fd3966bdfeea&standortid=1&standortname=wien%20%28bundesland%29&suchbegriff=immobilienverwalter,machine_only,no,0,,
49,McArthurGlen Management Gesellschaft m.b.H.,MAIN,Mario Schwann,Geschäftsführer,none,NONE,no,,none,NONE,no,,,,none,none,,NO_DIRECT_CONTACT_FOUND in machine pass; manual/agent verification required,MEDIUM,Machine discovery checked 0 fetched public sources plus exact-name searches/PDF discovery. Snippet-only evidence is not treated as verified. Manual review pending.,McArthurGlen / parent group | McArthurGlen UK Limited,https://www.mcarthurglen.com/ | https://firmen.wko.at/mcarthurglen-management-gesellschaft-mbh/salzburg/?firmaid=c68fab59-adde-430d-b054-1eb93956904f&standortid=4&standortname=salzburg%20%28bundesland%29&suchbegriff=immobilienverwalter,machine_only,no,0,,
50,SERIA Immobilien & Treuhand GmbH,MAIN,Ulrike Fabian,Geschäftsführerin,none,NONE,no,,fabian@seria.at,A_PERSONAL_VERIFIED,yes,https://seria.at/team/,,,+43316811066,office@seria.at,http://www.seria.at/,Ulrike Fabian: A_PERSONAL_VERIFIED fabian@seria.at,HIGH,Machine discovery checked 5 fetched public sources plus exact-name searches/PDF discovery. Snippet-only evidence is not treated as verified. Manual review pending.,Töpfl Privatstiftung via Austria Handel & Treuhand GmbH | Austria Handel & Treuhand GmbH,https://www.seria.at/ | https://firmen.wko.at/seria-immobilien-und-treuhand-gmbh-hausverwaltung-vermittlung-verkauf/steiermark/?firmaid=0e2d9d35-5d13-4736-b993-a3a09946b0a6&standortid=5&standortname=steiermark%20%28bundesland%29&suchbegriff=immobilienverwalter,machine_only,no,5,https://seria.at/ | https://seria.at/team/ | https://seria.at/ueber-uns/ | https://seria.at/kontakt/ | https://seria.at/impressum/,https://seria.at/team/
51,Woge Realitäten Gesellschaft m.b.H.,MAIN,Günther Fleihaus; Helene Strizsik,Largest shareholder; Geschäftsführerin,none,NONE,no,,none,NONE,no,,,,none,none,https://www.hausverwaltungwoge.at/,NO_DIRECT_CONTACT_FOUND in machine pass; manual/agent verification required,MEDIUM,Machine discovery checked 0 fetched public sources plus exact-name searches/PDF discovery. Snippet-only evidence is not treated as verified. Manual review pending.,Günther Fleihaus as largest 50% holder | Günther Fleihaus; Helene Strizsik; Günter Fleihaus; Thomas Christian Mathauser; Nicole Victoria Mathauser,https://www.evi.gv.at/f/125884z | https://firmen.wko.at/woge-realit%c3%a4ten-gesellschaft-mbh/wien/?firmaid=b1f62a6e-5c47-4782-851a-112c0dab2456&standortid=1&standortname=wien%20%28bundesland%29&suchbegriff=immobilienverwalter,machine_only,no,0,,
52,CBRE GmbH,MAIN,Lukas Schwarz; Salomie Robinson,Geschäftsführer,none,NONE,no,,none,NONE,no,,,,none,none,http://www.cbre.at/,NO_DIRECT_CONTACT_FOUND in machine pass; manual/agent verification required,MEDIUM,Machine discovery checked 2 fetched public sources plus exact-name searches/PDF discovery. Snippet-only evidence is not treated as verified. Manual review pending.,"CBRE Group, Inc. | Relam Amsterdam Holdings B.V.",https://www.cbre.at/ | https://firmen.wko.at/cbre-gmbh-cbre-gmbh/wien/?firmaid=f9385336-8856-4a6b-b913-0574cec1db0a&standortid=1&standortname=wien%20%28bundesland%29&suchbegriff=immobilienverwalter,machine_only,no,2,https://www.cbre.at/ | https://www.cbre.at/ueber-uns,
53,Haus & Grund Immobilien Management GmbH,MAIN,Karin Mayr; Florian Hörmann,Geschäftsführer,none,NONE,no,,none,NONE,no,,,,none,none,,NO_DIRECT_CONTACT_FOUND in machine pass; manual/agent verification required,MEDIUM,Machine discovery checked 0 fetched public sources plus exact-name searches/PDF discovery. Snippet-only evidence is not treated as verified. Manual review pending.,GIM/IMV group under material Wolfgang Macho control | GIM-Beteiligungsholding GmbH,https://imv.co.at/uber-uns/ | https://firmen.wko.at/haus-und-grund-immobilien-management-gmbh/salzburg/?firmaid=d103a1fd-e6b7-4e9c-98bc-63bf61bb7e87&standortid=4&standortname=salzburg%20%28bundesland%29&suchbegriff=immobilienverwalter,machine_only,no,0,,
54,KAPPACHER-SELINA Hausverwaltung GmbH,MAIN,Berthold Rindfleisch,Geschäftsführer,none,NONE,no,,none,NONE,no,,,,+43641260720,office@kappacher-selina.at,https://www.kappacher-selina.at/,NO_DIRECT_CONTACT_FOUND in machine pass; manual/agent verification required,MEDIUM,Machine discovery checked 2 fetched public sources plus exact-name searches/PDF discovery. Snippet-only evidence is not treated as verified. Manual review pending.,SELINA Hausverwaltung u. Facility-Management GmbH / SELINA group | Selina Verwaltung und Gebäudemanagement GmbH,https://www.evi.gv.at/f/431702g | https://www.firmenabc.at/selina-hausverwaltung-u-facility-management-gmbh_DXRv | https://firmen.wko.at/kappacher-selina-hausverwaltung-gmbh-immobilientreuh%c3%a4nder/salzburg/?firmaid=5415d9e1-c8a8-4f86-ac2a-bf21d780840a&standortid=4&standortname=salzburg%20%28bundesland%29&suchbegriff=immobilienverwalter,machine_only,no,2,https://www.kappacher-selina.at/ | https://www.kappacher-selina.at/de/service-kontakt.html,
55,Realverwaltung GmbH,MAIN,Stefan Rutter; Christian Harisch,Geschäftsführer,none,NONE,no,,none,NONE,no,,,,+43151347740,office@rutter.at,http://stefan.rutter@rutter.at/,NO_DIRECT_CONTACT_FOUND in machine pass; manual/agent verification required,MEDIUM,Machine discovery checked 3 fetched public sources plus exact-name searches/PDF discovery. Snippet-only evidence is not treated as verified. Manual review pending.,ECA Privatstiftung and Mona Lisa Privatstiftung | ECA Privatstiftung; Mona Lisa Privatstiftung,https://firmenmonitor.com/firma/realverwaltung-gmbh-249935b | https://firmen.wko.at/realverwaltung-gmbh/k%c3%a4rnten/?firmaid=4f8bab4e-76b5-4c93-a9d7-3190d7d88a6f&standortid=6&standortname=k%c3%a4rnten%20%28bundesland%29&suchbegriff=immobilienverwalter,machine_only,no,3,https://rutter.at/ | https://rutter.at/kontakt | https://rutter.at/contact,
56,WARIWODA & RICHTER Immobilientreuhandgesellschaft m.b.H.,MAIN,Michael Wariwoda,Geschäftsführer / Gesellschafter,none,NONE,no,,none,NONE,no,,,,none,none,,NO_DIRECT_CONTACT_FOUND in machine pass; manual/agent verification required,MEDIUM,Machine discovery checked 0 fetched public sources plus exact-name searches/PDF discovery. Snippet-only evidence is not treated as verified. Manual review pending.,Wariwoda/Richter/Gruber private ownership | Michael Wariwoda; Max Richter; Nicole Gruber,https://www.wariwoda.at/ | https://firmen.wko.at/wariwoda-und-richter-immobilientreuhandgesellschaft-mbh/wien/?firmaid=559ebf25-eaf7-475b-9606-a01fda645de0&standortid=1&standortname=wien%20%28bundesland%29&suchbegriff=immobilienverwalter,machine_only,no,0,,
57,AREV Immobilien Gesellschaft m.b.H.,MAIN,Claus Pargfrieder; Gerald Hommer; Horst Lischka,Geschäftsführer,none,NONE,no,,none,NONE,no,,,,+43732605533,info@teamsisu.at,http://www.arev.at/,NO_DIRECT_CONTACT_FOUND in machine pass; manual/agent verification required,MEDIUM,Machine discovery checked 4 fetched public sources plus exact-name searches/PDF discovery. Snippet-only evidence is not treated as verified. Manual review pending.,LAWOG and Oberösterreichische Versicherung via AREV Holding GmbH | AREV Holding GmbH,https://www.evi.gv.at/f/384773v | https://www.evi.gv.at/f/383426m | https://firmen.wko.at/arev-immobilien-gesellschaft-mbh/ober%c3%b6sterreich/?firmaid=c161f677-5e7a-4720-945d-e4475d198301&standortid=3&standortname=ober%c3%b6sterreich%20%28bundesland%29&suchbegriff=immobilienverwalter,machine_only,no,4,https://www.arev.at/ | https://www.arev.at/ueber-uns | https://www.arev.at/kontakt | https://www.arev.at/impressum,
58,Franz Kramas Gebäudeverwaltung G.m.b.H.,MAIN,Karl Wiesflecker,Owner / Geschäftsführer,none,NONE,no,,none,NONE,no,,,,+4313177551,none,http://www.kramas.at/,NO_DIRECT_CONTACT_FOUND in machine pass; manual/agent verification required,MEDIUM,Machine discovery checked 3 fetched public sources plus exact-name searches/PDF discovery. Snippet-only evidence is not treated as verified. Manual review pending.,Karl Wiesflecker | Karl Wiesflecker,https://www.kramas.at/ | https://firmen.wko.at/franz-kramas-geb%c3%a4udeverwaltung-gmbh/wien/?firmaid=cbd09d2d-cff7-4a30-8a18-11710631c757&standortid=1&standortname=wien%20%28bundesland%29&suchbegriff=immobilienverwalter,machine_only,no,3,https://www.kramas.at/ | https://www.kramas.at/kontakt/ | https://www.kramas.at/impressum/,
59,IMMOcontract Real Estate Management GmbH,MAIN,Harald Hundskarl; Thomas Sturm,Geschäftsführer,none,NONE,no,,none,NONE,no,,,,none,none,http://www.donath.at/,NO_DIRECT_CONTACT_FOUND in machine pass; manual/agent verification required,MEDIUM,Machine discovery checked 0 fetched public sources plus exact-name searches/PDF discovery. Snippet-only evidence is not treated as verified. Manual review pending.,ADOMO group | ADOMO Beteiligungs GmbH,https://www.immocontract.at/ | https://firmen.wko.at/immocontract-real-estate-management-gmbh/steiermark/?firmaid=dbe2a200-b7a0-42d4-86c9-c84c06edd055&standortid=5&standortname=steiermark%20%28bundesland%29&suchbegriff=immobilienverwalter,machine_only,no,0,,
60,Palladio Immobilien GmbH,MAIN,Herta Oppitz; Johannes Hafner,Geschäftsführer,none,NONE,no,,none,NONE,no,,,,+4319043190,none,http://www.palladio-immobilien.at/,NO_DIRECT_CONTACT_FOUND in machine pass; manual/agent verification required,MEDIUM,Machine discovery checked 4 fetched public sources plus exact-name searches/PDF discovery. Snippet-only evidence is not treated as verified. Manual review pending.,Palladio group | Palladio Beteiligungs GmbH,https://www.palladio.at/ | https://firmen.wko.at/palladio-immobilien-gmbh/wien/?firmaid=6f77e8b8-4109-46d6-ac85-12ad559c2ce4&standortid=1&standortname=wien%20%28bundesland%29&suchbegriff=immobilienverwalter,machine_only,no,4,https://www.palladio-immobilien.at/ | https://www.palladio-immobilien.at/team/ | https://www.palladio-immobilien.at/kontakt/ | https://www.palladio-immobilien.at/impressum/,
61,Stiller & Hohla Immobilientreuhänder GmbH,MAIN,Leo Hohla; Franz Stiller,Owner-family Geschäftsführer,none,NONE,no,,none,NONE,no,,,,+4366265850,none,http://www.stiller-hohla.at/,NO_DIRECT_CONTACT_FOUND in machine pass; manual/agent verification required,MEDIUM,Machine discovery checked 5 fetched public sources plus exact-name searches/PDF discovery. Snippet-only evidence is not treated as verified. Manual review pending.,Hohla family holding and Stiller family holding | Hohla Holding GmbH; Stiller Holding GmbH,https://www.stiller-hohla.at/ | https://firmen.wko.at/stiller-und-hohla-immobilientreuh%c3%a4nder-gmbh/salzburg/?firmaid=7a1bd960-03ae-4c71-a887-9adeda32eef0&standortid=4&standortname=salzburg%20%28bundesland%29&suchbegriff=immobilienverwalter,machine_only,no,5,https://stiller-hohla.at/ | https://stiller-hohla.at/team/ | https://stiller-hohla.at/kontakt/ | https://stiller-hohla.at/impressum/ | https://stiller-hohla.at/downloads/,
62,WSE Wiener Standortentwicklung GmbH,MAIN,Josef Herwei; Andreas Meinhold,Geschäftsführer,none,NONE,no,,none,NONE,no,,,,none,none,,NO_DIRECT_CONTACT_FOUND in machine pass; manual/agent verification required,MEDIUM,Machine discovery checked 0 fetched public sources plus exact-name searches/PDF discovery. Snippet-only evidence is not treated as verified. Manual review pending.,City of Vienna via Wien Holding | Wien Holding GmbH,https://www.wse.at/ | https://firmen.wko.at/wse-wiener-standortentwicklung-gmbh/wien/?firmaid=9e4cd29e-fc6c-43c2-afca-24c24f3a43b3&standortid=1&standortname=wien%20%28bundesland%29&suchbegriff=immobilienverwalter,machine_only,no,0,,
63,Brichard Immobilien GmbH,MAIN,Oliver Brichard,Geschäftsführer / Gesellschafter,none,NONE,no,,none,NONE,no,,,,+4313692450,office@brichard.at,http://www.brichard.at/,NO_DIRECT_CONTACT_FOUND in machine pass; manual/agent verification required,MEDIUM,Machine discovery checked 3 fetched public sources plus exact-name searches/PDF discovery. Snippet-only evidence is not treated as verified. Manual review pending.,Brichard/Trescher private ownership | Oliver Brichard; Robert Trescher,https://www.brichard.at/ueber-uns/team/ | https://firmen.wko.at/brichard-immobilien-gmbh/wien/?firmaid=ddcbf14e-575a-457e-a7ac-3ba72a9cabb5&standortid=1&standortname=wien%20%28bundesland%29&suchbegriff=immobilienverwalter,machine_only,no,3,https://www.brichard.at/ | https://www.brichard.at/ueber-uns/ | https://www.brichard.at/kontakt/,
64,Gutwerk Immobilien Treuhand GmbH,MAIN,Stefan Jaitler; Barbara Jaitler-Konya,Geschäftsführer,none,NONE,no,,none,NONE,no,,,,none,none,,NO_DIRECT_CONTACT_FOUND in machine pass; manual/agent verification required,MEDIUM,Machine discovery checked 0 fetched public sources plus exact-name searches/PDF discovery. Snippet-only evidence is not treated as verified. Manual review pending.,Consult Data group | Consult Data Rechenzentrum GmbH,https://www.gutwerk.at/ | https://firmen.wko.at/gutwerk-immobilien-treuhand-gmbh/wien/?firmaid=e98c9dfe-41b4-4b02-820a-17cf04779d16&standortid=1&standortname=wien%20%28bundesland%29&suchbegriff=immobilienverwalter,machine_only,no,0,,
65,IVB-Immobilienvermarktung und Bauträger Ges.m.b.H.,MAIN,Matthias Zachs; Günter Buchinger,Geschäftsführer,none,NONE,no,,none,NONE,no,,,,none,none,,NO_DIRECT_CONTACT_FOUND in machine pass; manual/agent verification required,MEDIUM,Machine discovery checked 0 fetched public sources plus exact-name searches/PDF discovery. Snippet-only evidence is not treated as verified. Manual review pending.,Three-way corporate ownership consortium | Koch Vermögensverwaltung GmbH; BANK BURGENLAND Immobilien Holding GmbH; Buchinger Immobilien GesmbH,https://www.evi.gv.at/f/110194a | https://firmen.wko.at/ivb-immobilienvermarktung-und-bautr%c3%a4ger-gesmbh/burgenland/?firmaid=cb9c2ef1-4df2-4ce4-8b62-8e9dec5ab0fe&standortid=9&standortname=burgenland%20%28bundesland%29&suchbegriff=immobilienverwalter,machine_only,no,0,,
66,Pusta & Partner HausverwaltungsGmbH,MAIN,Markus Pusta; Lukas Pusta-Katzian,Geschäftsführer / Gesellschafter,none,NONE,no,,none,NONE,no,,,,+4313155132,office@pusta-partner.at,https://www.pusta-partner.at/,NO_DIRECT_CONTACT_FOUND in machine pass; manual/agent verification required,MEDIUM,Machine discovery checked 2 fetched public sources plus exact-name searches/PDF discovery. Snippet-only evidence is not treated as verified. Manual review pending.,Pusta family ownership | Günter Pusta; Markus Pusta; Lukas Pusta-Katzian,https://www.pusta.at/ | https://firmen.wko.at/pusta-und-partner-hausverwaltungsgmbh-immobilientreuh%c3%a4nder-verwalter/wien/?firmaid=a1db2e73-f7c0-43f0-9b66-ab991ef0bd7b&standortid=1&standortname=wien%20%28bundesland%29&suchbegriff=immobilienverwalter,machine_only,no,2,https://pusta-partner.at/ | https://pusta-partner.at/impressum/,
67,Venta Immobilien Service GmbH,MAIN,Siegbert Schützenhöfer,Ultimate owner-controller / Geschäftsführer,none,NONE,no,,none,NONE,no,,,,none,none,,NO_DIRECT_CONTACT_FOUND in machine pass; manual/agent verification required,MEDIUM,Machine discovery checked 0 fetched public sources plus exact-name searches/PDF discovery. Snippet-only evidence is not treated as verified. Manual review pending.,Mag Siegbert Schützenhöfer via Venta Consulting GmbH -> Venta Beteiligungs GmbH | Venta Consulting GmbH,https://www.evi.gv.at/f/417852p | https://www.evi.gv.at/f/288937h | https://www.evi.gv.at/f/300232v | https://firmen.wko.at/venta-immobilien-service-gmbh/steiermark/?firmaid=07639a24-aa67-4fa3-b85b-dcad9eeeb5b0&standortid=5&standortname=steiermark%20%28bundesland%29&suchbegriff=immobilienverwalter,machine_only,no,0,,
68,Die Kärntner-Wohnbau und Hausverwaltungsgesellschaft m.b.H.,MAIN,Daniela Sampl-Lutz; Fabian Eder,Geschäftsführer,none,NONE,no,,none,NONE,no,,,,none,none,,NO_DIRECT_CONTACT_FOUND in machine pass; manual/agent verification required,MEDIUM,Machine discovery checked 0 fetched public sources plus exact-name searches/PDF discovery. Snippet-only evidence is not treated as verified. Manual review pending.,ÖSW Konzern via immo 360 grad gmbh | immo 360 grad gmbh,https://www.evi.gv.at/f/105496t | https://www.immo-360.at/unternehmen | https://firmen.wko.at/%22die-k%c3%a4rntner%22-wohnbau-und-hausverwaltungsgesellschaft-mbh/k%c3%a4rnten/?firmaid=12ff5b5a-8740-4bb8-8e23-85715b6c83a9&standortid=6&standortname=k%c3%a4rnten%20%28bundesland%29&suchbegriff=immobilienverwalter,machine_only,no,0,,
69,COLLIERS Immobilienverwaltung GmbH,MAIN,Philip Engel,Geschäftsführer / Gesellschafter,none,NONE,no,,none,NONE,no,,,,+4314380090920,none,https://www.colliers.com/de-at/dienstleistungen/property-management-services,NO_DIRECT_CONTACT_FOUND in machine pass; manual/agent verification required,MEDIUM,Machine discovery checked 1 fetched public sources plus exact-name searches/PDF discovery. Snippet-only evidence is not treated as verified. Manual review pending.,Colliers Austria plus individual partners | Philip Engel; Colliers International Immobilienmakler GmbH; Ronald Leitner,https://www.colliers.com/de-at | https://firmen.wko.at/colliers-immobilienverwaltung-gmbh/wien/?firmaid=75f91559-31fe-4a99-94c3-5e0d5534bb38&standortid=1&standortname=wien%20%28bundesland%29&suchbegriff=immobilienverwalter,machine_only,no,1,https://www.colliers.com/de-at/dienstleistungen/property-management-services,
70,IG Immobilien Management GmbH,MAIN,Hubert Vögel; Paul Grassel,Geschäftsführer,none,NONE,no,,none,NONE,no,,,,none,none,http://www.ig-immobilien.com/,NO_DIRECT_CONTACT_FOUND in machine pass; manual/agent verification required,MEDIUM,Machine discovery checked 0 fetched public sources plus exact-name searches/PDF discovery. Snippet-only evidence is not treated as verified. Manual review pending.,IG Immobilien group | IG Immobilien Invest GmbH,https://www.ig-immobilien.com/ | https://firmen.wko.at/ig-immobilien-management-gmbh/wien/?firmaid=c4d3400e-4a70-4a48-845a-99d6d37c175f&standortid=1&standortname=wien%20%28bundesland%29&suchbegriff=immobilienverwalter,machine_only,no,0,,
71,Leitgöb Hausverwaltung GmbH,MAIN,Günther Leitgöb,Controlling owner / Geschäftsführer,none,NONE,no,,none,NONE,no,,,,none,none,,NO_DIRECT_CONTACT_FOUND in machine pass; manual/agent verification required,MEDIUM,Machine discovery checked 0 fetched public sources plus exact-name searches/PDF discovery. Snippet-only evidence is not treated as verified. Manual review pending.,Günther Leitgöb 99.25%; Isabella Nindl-Leitgöb 0.75% via parent | Leitgöb Beteiligung und Verwaltung GmbH,https://www.evi.gv.at/f/519411s | https://www.firmenabc.at/leitgoeb-beteiligung-und-verwaltung-gmbh_KHLL | https://firmen.wko.at/leitg%c3%b6b-hausverwaltung-gmbh/salzburg/?firmaid=0d349152-ab87-43fc-8530-6ccc2e0a8a6d&standortid=4&standortname=salzburg%20%28bundesland%29&suchbegriff=immobilienverwalter,machine_only,no,0,,
72,RES Immobilienverwaltung GmbH,MAIN,Klaus Pfoser,Owner / Geschäftsführer,none,NONE,no,,none,NONE,no,,,,+43181777400,office@res.at,http://www.res.at/,NO_DIRECT_CONTACT_FOUND in machine pass; manual/agent verification required,MEDIUM,Machine discovery checked 2 fetched public sources plus exact-name searches/PDF discovery. Snippet-only evidence is not treated as verified. Manual review pending.,Dr Klaus Pfoser | Dr Klaus Pfoser,https://www.res-immobilien.at/ | https://firmen.wko.at/res-immobilienverwaltung-gmbh-res-immobilienverwaltung-gmbh/wien/?firmaid=65a232ee-baac-4ccf-a4fa-d120bd2ac7ec&standortid=1&standortname=wien%20%28bundesland%29&suchbegriff=immobilienverwalter,machine_only,no,2,https://www.res.at/ | https://www.res.at/kontakt,
73,Weinberger Biletti Immobilien Graz GmbH,MAIN,Susanne Weinberger,Geschäftsführerin / Gesellschafterin,none,NONE,no,,none,NONE,no,,,,+43316711116,none,http://www.weinberger-biletti.at/,NO_DIRECT_CONTACT_FOUND in machine pass; manual/agent verification required,MEDIUM,Machine discovery checked 1 fetched public sources plus exact-name searches/PDF discovery. Snippet-only evidence is not treated as verified. Manual review pending.,Weinberger family | Susanne Weinberger; Udo Weinberger,https://www.weinberger-biletti.at/ | https://firmen.wko.at/weinberger-biletti-immobilien-graz-gmbh-immobilienverwaltung/steiermark/?firmaid=58454438-1735-4e38-9836-6164e061238a&standortid=5&standortname=steiermark%20%28bundesland%29&suchbegriff=immobilienverwalter,machine_only,no,1,https://www.weinberger-biletti.at/,
74,Hausverwaltung Franz Dangl Gesellschaft m.b.H.,MAIN,Thomas Minten,Geschäftsführer / Gesellschafter,none,NONE,no,,none,NONE,no,,,,none,none,http://www.franz-dangl-gmbh.at/,NO_DIRECT_CONTACT_FOUND in machine pass; manual/agent verification required,MEDIUM,Machine discovery checked 1 fetched public sources plus exact-name searches/PDF discovery. Snippet-only evidence is not treated as verified. Manual review pending.,Nemetschek/Minten private ownership | Margarete Nemetschek; Thomas Minten,https://www.dangl.at/ | https://firmen.wko.at/%22hausverwaltung-franz-dangl%22-gesellschaft-mbh/wien/?firmaid=4bb67eff-2c49-4cd4-a76f-0eed2ae01bdf&standortid=1&standortname=wien%20%28bundesland%29&suchbegriff=immobilienverwalter,machine_only,no,1,https://franz-dangl-gmbh.at/,
75,convival Immobilien GmbH,MAIN,Gregor Zimmel,Owner / Geschäftsführer,none,NONE,no,,none,NONE,no,,,,none,none,,NO_DIRECT_CONTACT_FOUND in machine pass; manual/agent verification required,MEDIUM,Machine discovery checked 0 fetched public sources plus exact-name searches/PDF discovery. Snippet-only evidence is not treated as verified. Manual review pending.,Gregor Zimmel | Gregor Zimmel,https://www.evi.gv.at/f/566253a | https://firmen.wko.at/convival-immobilien-gmbh/wien/?firmaid=3547dbe5-5bd0-48b7-be8d-ee0ca80b0044&standortid=1&standortname=wien%20%28bundesland%29&suchbegriff=immobilienverwalter,machine_only,no,0,,
76,Immobilien Treuhand Hanke & Bodner KG,MAIN,Christina Elisabeth Bodner,Managing general partner,none,NONE,no,,none,NONE,no,,,,+43476298236,none,https://www.spittaler-hausverwaltung.at/,NO_DIRECT_CONTACT_FOUND in machine pass; manual/agent verification required,MEDIUM,Machine discovery checked 2 fetched public sources plus exact-name searches/PDF discovery. Snippet-only evidence is not treated as verified. Manual review pending.,Hanke/Bodner partner structure | Christina Elisabeth Bodner; Traugott Hanke; Astrid Hanke,https://www.hanke-bodner.at/ | https://firmen.wko.at/immobilien-treuhand-hanke-und-bodner-kg/k%c3%a4rnten/?firmaid=b243c568-5e0c-4d69-845d-088ae10a693a&standortid=6&standortname=k%c3%a4rnten%20%28bundesland%29&suchbegriff=immobilienverwalter,machine_only,no,2,https://www.spittaler-hausverwaltung.at/ | https://www.spittaler-hausverwaltung.at/impressum,
77,LIM-MANAGEMENT GmbH,MAIN,Clemens Limberg,Owner-family Geschäftsführer,none,NONE,no,,none,NONE,no,,,,+4314053333,office@lim-management.at,http://www.lim-management.at/,NO_DIRECT_CONTACT_FOUND in machine pass; manual/agent verification required,MEDIUM,Machine discovery checked 7 fetched public sources plus exact-name searches/PDF discovery. Snippet-only evidence is not treated as verified. Manual review pending.,MMag Dr Clemens Limberg; Mag Miriam Limberg via LIMBERG GmbH | LIMBERG GmbH,https://www.evi.gv.at/f/334564g | https://firmen.wko.at/lim-management-gmbh-immobilienverwaltung/wien/?firmaid=010eeb90-7e9f-41ce-b393-6ee8d3c325f3&standortid=1&standortname=wien%20%28bundesland%29&suchbegriff=immobilienverwalter,machine_only,no,7,https://www.lim-management.at/ | https://www.lim-management.at/ueber-uns/ | https://www.lim-management.at/kontakt/ | https://www.lim-management.at/impressum-agb/ | https://www.lim-management.at/assets/AGB-LIM-M-final-01-2026.pdf | https://www.lim-management.at/assets/AGB-Mayr-final-01-2026.pdf | https://www.lim-management.at/assets/AGB-AW-final-01-2026-v2.pdf,
78,Sabo+Mandl & Tomaschek Immobilien GmbH,MAIN,Ferenc Sabo; Evelyn Mandl,Geschäftsführer / Gesellschafter,none,NONE,no,,none,NONE,no,,,,+4317200202720,office@smt-immobilien.at,https://www.smt-immobilien.at/,NO_DIRECT_CONTACT_FOUND in machine pass; manual/agent verification required,MEDIUM,Machine discovery checked 5 fetched public sources plus exact-name searches/PDF discovery. Snippet-only evidence is not treated as verified. Manual review pending.,Ferenc Sabo; Evelyn Mandl | Ferenc Sabo; Evelyn Mandl,https://www.sabo-mandl.at/ | https://firmen.wko.at/sabomandl-und-tomaschek-immobilien-gmbh/wien/?firmaid=2dc15e46-bd71-4b0c-9b35-5e3feaac897c&standortid=1&standortname=wien%20%28bundesland%29&suchbegriff=immobilienverwalter,machine_only,no,5,https://www.smt-immobilien.at/ | https://www.smt-immobilien.at/team/ | https://www.smt-immobilien.at/kontakt/ | https://www.smt-immobilien.at/impressum/ | https://www.smt-immobilien.at/downloads_und_links/,
79,WESIAK Gesellschaft m.b.H.,MAIN,Michael Spazierer; Matthias-Timur Jelinek,Geschäftsführer / Gesellschafter,none,NONE,no,,michael.spazierer@wesiak.com,A_PERSONAL_VERIFIED,yes,https://www.wesiak.com/team,,,+433168275010,office@wesiak.com,http://www.wesiak.com/,Michael Spazierer: A_PERSONAL_VERIFIED michael.spazierer@wesiak.com,HIGH,Machine discovery checked 5 fetched public sources plus exact-name searches/PDF discovery. Snippet-only evidence is not treated as verified. Manual review pending.,Michael Spazierer; Matthias-Timur Jelinek | Michael Spazierer; Matthias-Timur Jelinek,https://www.wesiak.at/ | https://firmen.wko.at/wesiak-gesellschaft-mbh-wwesiak-gesellschaft-mbh/steiermark/?firmaid=df2b5e51-b25e-4524-b0fc-20ab91bb85d1&standortid=5&standortname=steiermark%20%28bundesland%29&suchbegriff=immobilienverwalter,machine_only,no,5,https://www.wesiak.com/ | https://www.wesiak.com/team | https://www.wesiak.com/ueber-uns | https://www.wesiak.com/kontakt | https://www.wesiak.com/impressum,https://www.wesiak.com/team
80,CBRE GWS Austria GmbH,MAIN,Michael Erpelding; Felix Mathiowetz,Geschäftsführer,none,NONE,no,,none,NONE,no,,,,none,none,,NO_DIRECT_CONTACT_FOUND in machine pass; manual/agent verification required,MEDIUM,Machine discovery checked 0 fetched public sources plus exact-name searches/PDF discovery. Snippet-only evidence is not treated as verified. Manual review pending.,"CBRE Group, Inc. | Relam Amsterdam Holdings B.V.",https://www.cbre.at/ | https://firmen.wko.at/cbre-gws-austria-gmbh/tirol/?firmaid=5a15c029-6f74-46ae-9744-690c59c0627a&standortid=7&standortname=tirol%20%28bundesland%29&suchbegriff=immobilienverwalter,machine_only,no,0,,
81,HÖS Heimat Österreich Service GesmbH,MAIN,Franz Berger; Dominique Gefahrt,Geschäftsführer,none,NONE,no,,none,NONE,no,,,,none,none,,NO_DIRECT_CONTACT_FOUND in machine pass; manual/agent verification required,MEDIUM,Machine discovery checked 0 fetched public sources plus exact-name searches/PDF discovery. Snippet-only evidence is not treated as verified. Manual review pending.,Caritas OÖ 16.65%; Caritas Wien 18.15%; Raiffeisenverband Salzburg 25%; Caritas Salzburg 25.20%; Diözese St. Pölten 15% via parent | Heimat Österreich gemeinnützige Wohnungs- und Siedlungsgesellschaft m.b.H.,https://www.hoes.at/ | https://firmen.wko.at/h%c3%96s-heimat-%c3%96sterreich-service-gesmbh/salzburg/?firmaid=60b9d09f-16e8-4f20-8463-0305e579475c&standortid=4&standortname=salzburg%20%28bundesland%29&suchbegriff=immobilienverwalter,machine_only,no,0,,
82,KIBB Immobilien GmbH,MAIN,Thomas Auböck,Geschäftsführer,none,NONE,no,,none,NONE,no,,,,none,none,,NO_DIRECT_CONTACT_FOUND in machine pass; manual/agent verification required,MEDIUM,Machine discovery checked 0 fetched public sources plus exact-name searches/PDF discovery. Snippet-only evidence is not treated as verified. Manual review pending.,Four-owner current shareholder structure | Pro Familia Privatstiftung; Felicius Immobilien GmbH; KOPUS Immobilien GmbH; Auböck Invest GmbH,https://www.kibb.at/ | https://firmen.wko.at/kibb-immobilien-gmbh/wien/?firmaid=1abea1f8-b61b-405a-873a-22e8ad6430bf&standortid=1&standortname=wien%20%28bundesland%29&suchbegriff=immobilienverwalter,machine_only,no,0,,
83,REIWAG Facility Services GmbH,MAIN,Viktor Wagner,Geschäftsführer / Gesellschafter,none,NONE,no,,none,NONE,no,,,,+437202625,office@reiwag.at,http://www.reiwag.com/,NO_DIRECT_CONTACT_FOUND in machine pass; manual/agent verification required,MEDIUM,Machine discovery checked 4 fetched public sources plus exact-name searches/PDF discovery. Snippet-only evidence is not treated as verified. Manual review pending.,Viktor Wagner / VIWAG Privatstiftung | Viktor Wagner; VIWAG Privatstiftung,https://www.reiwag.com/ | https://firmen.wko.at/reiwag-facility-services-gmbh/wien/?firmaid=ccd49180-ebb3-460d-a3e1-c311d3b25cf9&standortid=1&standortname=wien%20%28bundesland%29&suchbegriff=immobilienverwalter,machine_only,no,4,https://www.reiwag.com/ | https://www.reiwag.com/team | https://www.reiwag.com/unternehmen/laenderuebersicht | https://www.reiwag.com/impressum,
84,Weinberger Biletti Immobilien GmbH,MAIN,Marko Weinberger,Owner / Geschäftsführer,+436648222255,A_MOBILE_PUBLIC,yes,https://wbi.wien/impressum/,angelika.weinberger@wbi.wien,A_PERSONAL_VERIFIED,yes,https://wbi.wien/team/,,,+4314058122,none,http://www.wbi.wien/,Marko Weinberger: A_MOBILE_PUBLIC +436648222255 ; Marko Weinberger: A_PERSONAL_VERIFIED angelika.weinberger@wbi.wien,HIGH,Machine discovery checked 4 fetched public sources plus exact-name searches/PDF discovery. Snippet-only evidence is not treated as verified. Manual review pending.,Marko Weinberger | Marko Weinberger,https://www.weinberger-biletti.at/ | https://firmen.wko.at/weinberger-biletti-immobilien-gmbh-hausverwaltung/wien/?firmaid=dae5cc36-561a-431f-b78c-43832158c004&standortid=1&standortname=wien%20%28bundesland%29&suchbegriff=immobilienverwalter,machine_only,no,4,https://wbi.wien/ | https://wbi.wien/team/ | https://wbi.wien/kontakt/ | https://wbi.wien/impressum/,https://wbi.wien/impressum/ | https://wbi.wien/team/
85,ARWAG Immobilientreuhand Gesellschaft m.b.H.,MAIN,Michael Schmidl; Michaela Reiter-Benesch,Geschäftsführer,none,NONE,no,,none,NONE,no,,,,+436072026,bewerbung@arwag.at,http://www.arwag.at/,NO_DIRECT_CONTACT_FOUND in machine pass; manual/agent verification required,MEDIUM,Machine discovery checked 8 fetched public sources plus exact-name searches/PDF discovery. Snippet-only evidence is not treated as verified. Manual review pending.,"Wien Holding 63.03% plus Erste, Fonds für temporäres Wohnen and Wiener Städtische in ARWAG Holding | ARWAG Holding AG",https://www.arwag.at/Impressum | https://firmen.wko.at/arwag-immobilientreuhand-gesellschaft-mbh-wo-das-leben-lebt/wien/?firmaid=e7a3723a-2739-4e83-9d1a-5612db0501b7&standortid=1&standortname=wien%20%28bundesland%29&suchbegriff=immobilienverwalter,machine_only,no,8,https://www.arwag.at/ | https://www.arwag.at/ueber-uns | https://www.arwag.at/kontakt | https://www.arwag.at/impressum | https://www.arwag.at/assets/Uploads/ARWAG_Broschure_Betriebskostenfibel.pdf | https://www.arwag.at/assets/Uploads/ARWAG_Broschure_Schimmel.pdf | https://www.arwag.at/assets/Uploads/arwag_vielseitigkeits_brochure_ansicht_DS.pdf | https://www.arwag.at/assets/jobs/Office-Allrounderin-mwd-f988ceb6852d99e1c3a15cec761cf666/ITH_MA-OFFICE_20260827_20260831.pdf,
86,Frieda Rustler Gebäudeverwaltung GmbH & Co KG,MAIN,Martin Troger,Managing Partner,none,NONE,no,,troger@rustler.eu,A_PERSONAL_VERIFIED,yes,https://rustler.eu/kontakt/management/,,,+4319042000,office@rustler.eu,http://www.rustler.eu/,Martin Troger: A_PERSONAL_VERIFIED troger@rustler.eu,HIGH,Machine discovery checked 11 fetched public sources plus exact-name searches/PDF discovery. Snippet-only evidence is not treated as verified. Manual review pending.,Rustler partner/family group | Frieda Rustler Gebäudeverwaltung GmbH (general partner); Dr Peter Rustler; Ing Michael Moshammer; Wegerer Beteiligung GmbH; MMTroger Beteiligung GmbH,https://www.evi.gv.at/f/30159b | https://www.evi.gv.at/f/349375m | https://rustler.eu/kontakt/management/ | https://firmen.wko.at/frieda-rustler-geb%c3%a4udeverwaltung-gmbh-und-co-kg/salzburg/?firmaid=eaece165-7f32-4ffe-9a7e-d03f164975ee&standortid=4&standortname=salzburg%20%28bundesland%29&suchbegriff=immobilienverwalter,machine_only,no,11,https://rustler.eu/ | https://rustler.eu/team-linz/ | https://rustler.eu/kontakt/management/ | https://rustler.eu/kontakt/ | https://rustler.eu/impressum/ | https://rustler.eu/gruppe/pressekontakt/ | https://rustler.eu/downloads/ | https://rustler.eu/wp-content/uploads/2025/06/Meldezettel.pdf | https://rustler.eu/wp-content/uploads/2025/06/SEPA-Einzugsermaechtigung.pdf | https://rustler.eu/wp-content/uploads/2025/06/Bedienungsanleitung-fuer-Ihre-Wohnung.pdf | https://rustler.eu/wp-content/uploads/2025/06/Merkblatt.pdf,https://rustler.eu/kontakt/management/
87,IMV Immobilien Management GmbH,MAIN,Wolfgang Macho,Owner / Geschäftsführer,none,NONE,no,,none,NONE,no,,,,+43158669550,office@imv.co.at,http://www.imv.co.at/,NO_DIRECT_CONTACT_FOUND in machine pass; manual/agent verification required,MEDIUM,Machine discovery checked 3 fetched public sources plus exact-name searches/PDF discovery. Snippet-only evidence is not treated as verified. Manual review pending.,Wolfgang Macho has material/control position in GIM/IMV group | Wolfgang Macho; GIM-Beteiligungsholding GmbH,https://imv.co.at/uber-uns/ | https://firmen.wko.at/imv-immobilien-management-gmbh/steiermark/?firmaid=8a39d3d5-cfe4-4789-bbbf-1aeed095c331&standortid=5&standortname=steiermark%20%28bundesland%29&suchbegriff=immobilienverwalter,machine_only,no,3,https://imv.co.at/ | https://imv.co.at/kontakt/ | https://imv.co.at/impressum/,
88,PFG Liegenschaftsbewirtschaftungs GmbH & Co KG,MAIN,Klaus Wiltschnigg; Markus Gratz,Geschäftsführer of managing general partner,none,NONE,no,,none,NONE,no,,,,none,none,,NO_DIRECT_CONTACT_FOUND in machine pass; manual/agent verification required,MEDIUM,Machine discovery checked 0 fetched public sources plus exact-name searches/PDF discovery. Snippet-only evidence is not treated as verified. Manual review pending.,MAP-WSV-led institutional ownership consortium | PFG Liegenschaftsbewirtschaftungs GmbH (general partner); Wüstenrot Versicherungs AG; PFG Holding GmbH,https://www.evi.gv.at/f/248931a | https://www.firmenabc.at/pfg-liegenschaftsbewirtschaftungs-gmbh_KWwV | https://firmen.wko.at/pfg-liegenschaftsbewirtschaftungs-gmbh-undco-kg/salzburg/?firmaid=e3a6e719-cf2f-4fae-baa7-66ed02613d23&standortid=4&standortname=salzburg%20%28bundesland%29&suchbegriff=immobilienverwalter,machine_only,no,0,,
89,STRABAG Property and Facility Services GmbH,MAIN,Stefan Babsch; Matthias Plattner,Geschäftsführer,none,NONE,no,,none,NONE,no,,,,+438006650020,presse@strabag-pfs.com,http://www.strabag-pfs.at/,NO_DIRECT_CONTACT_FOUND in machine pass; manual/agent verification required,MEDIUM,Machine discovery checked 5 fetched public sources plus exact-name searches/PDF discovery. Snippet-only evidence is not treated as verified. Manual review pending.,STRABAG SE group | STRABAG AG,https://www.strabag-pfs.com/ | https://firmen.wko.at/strabag-property-and-facility-services-gmbh/wien/?firmaid=fbeabe35-12a5-4bf9-931b-0bfc5bb85e79&standortid=1&standortname=wien%20%28bundesland%29&suchbegriff=immobilienverwalter,machine_only,no,5,https://www.strabag-pfs.com/at | https://www.strabag-pfs.com/ueber-uns | https://www.strabag-pfs.com/kontakt | https://www.strabag-pfs.com/contact | https://www.strabag-pfs.com/impressum,
90,ZIMA Objektmanagement GmbH,MAIN,Alexander Nußbaumer; Nicole Hanser,Geschäftsführer; Gesellschafterin/Geschäftsführerin,+43512348179,C_PERSON_BOUND_OFFICE,yes,https://zima.at/unternehmen/kontakt/,none,NONE,no,,,,+4355723838,office@zima.at,http://www.zima.at/,Nicole Hanser: C_PERSON_BOUND_OFFICE +43512348179,MEDIUM_HIGH,Machine discovery checked 3 fetched public sources plus exact-name searches/PDF discovery. Snippet-only evidence is not treated as verified. Manual review pending.,ZIMA group / Nicole Hanser | ZIMA Wohn- und Projektmanagement GmbH; Nicole Hanser,https://www.zima.at/ | https://firmen.wko.at/zima-objektmanagement-gmbh/tirol/?firmaid=60fb6e73-f44f-43cb-8dba-67245bdf3881&standortid=7&standortname=tirol%20%28bundesland%29&suchbegriff=immobilienverwalter,machine_only,no,3,https://zima.at/ | https://zima.at/unternehmen/kontakt/ | https://zima.at/impressum/,https://zima.at/unternehmen/kontakt/
91,APCOA Austria GmbH,SECONDARY,Caroline Aichholzer-Lang; Katrin Teichert,Geschäftsführerinnen,none,NONE,no,,none,NONE,no,,,,none,none,,NO_DIRECT_CONTACT_FOUND in machine pass; manual/agent verification required,MEDIUM,Machine discovery checked 0 fetched public sources plus exact-name searches/PDF discovery. Snippet-only evidence is not treated as verified. Manual review pending.,APCOA Group | APCOA Deutschland GmbH,https://www.evi.gv.at/f/249499k,machine_only,no,0,,
92,Erste Group Immorent GmbH,SECONDARY,Andreja Triller Tonin; Wolfgang Hausner,Geschäftsführer,none,NONE,no,,none,NONE,no,,,,none,none,,NO_DIRECT_CONTACT_FOUND in machine pass; manual/agent verification required,MEDIUM,Machine discovery checked 0 fetched public sources plus exact-name searches/PDF discovery. Snippet-only evidence is not treated as verified. Manual review pending.,Erste Group Bank AG | Erste Group Bank AG,https://www.erstegroupimmorent.com/,machine_only,no,0,,
93,Salinen Immobilien Gesellschaft m.b.H.,SECONDARY,Peter Untersperger; Kurt Thomanek,Geschäftsführer,none,NONE,no,,none,NONE,no,,,,none,none,,NO_DIRECT_CONTACT_FOUND in machine pass; manual/agent verification required,MEDIUM,Machine discovery checked 0 fetched public sources plus exact-name searches/PDF discovery. Snippet-only evidence is not treated as verified. Manual review pending.,"Salinen group; parent shareholder structure led by AIC Androsch International Management Consulting 41.25% and Invest Holding 41.25%, plus Mitarbeiter-Privatstiftung 10% and minorities | Österreichische Salinen AG",https://www.salinen.com/de/impressum/,machine_only,no,0,,
94,Bank Austria Real Invest Asset Management GmbH,SECONDARY,Reinhold Jaretz; Harald Heinzl,Geschäftsführer,none,NONE,no,,none,NONE,no,,,,none,none,,NO_DIRECT_CONTACT_FOUND in machine pass; manual/agent verification required,MEDIUM,Machine discovery checked 0 fetched public sources plus exact-name searches/PDF discovery. Snippet-only evidence is not treated as verified. Manual review pending.,UniCredit Bank Austria / UniCredit group | Bank Austria Real Invest Immobilien-Management GmbH,https://www.realinvest.at/ueber-uns-unternehmensinfos.jsp,machine_only,no,0,,
95,Reinberg & Partner Immobilienberatung GmbH,SECONDARY,Wolfgang Fessl; Isabella Reinberg,Major shareholders / Geschäftsführer,none,NONE,no,,none,NONE,no,,,,none,none,,NO_DIRECT_CONTACT_FOUND in machine pass; manual/agent verification required,MEDIUM,Machine discovery checked 0 fetched public sources plus exact-name searches/PDF discovery. Snippet-only evidence is not treated as verified. Manual review pending.,Wolfgang Fessl and Isabella Reinberg are largest individual owners | Michael Reinberg; Wolfgang Fessl; Isabella Reinberg; Isabel Liebl; SB108 Invest GmbH,https://www.reinberg-partner.at/,machine_only,no,0,,
96,UBM Development AG,SECONDARY,Thomas G. Winkler,CEO / Vorstand,none,NONE,no,,none,NONE,no,,,,none,none,,NO_DIRECT_CONTACT_FOUND in machine pass; manual/agent verification required,MEDIUM,Machine discovery checked 0 fetched public sources plus exact-name searches/PDF discovery. Snippet-only evidence is not treated as verified. Manual review pending.,Public shareholder structure | Public-company shareholder base,https://www.ubm-development.com/de/impressum/,machine_only,no,0,,
97,WEGRAZ Gesellschaft für Stadterneuerung und Assanierung m.b.H.,SECONDARY,Dieter Johs,Geschäftsführer,none,NONE,no,,none,NONE,no,,,,none,none,,NO_DIRECT_CONTACT_FOUND in machine pass; manual/agent verification required,MEDIUM,Machine discovery checked 0 fetched public sources plus exact-name searches/PDF discovery. Snippet-only evidence is not treated as verified. Manual review pending.,Töpfl Privatstiftung (Austria Handel & Treuhand is itself 100% foundation-owned) | Austria Handel & Treuhand GmbH; Töpfl Privatstiftung,http://www.wegraz.at/,machine_only,no,0,,
98,Wohnraumwerk Bauträger- und Projektentwicklungs GmbH,SECONDARY,Hannes Haas; Maximilian Hinkel,Geschäftsführer / indirect owner-management,none,NONE,no,,none,NONE,no,,,,none,none,,NO_DIRECT_CONTACT_FOUND in machine pass; manual/agent verification required,MEDIUM,Machine discovery checked 0 fetched public sources plus exact-name searches/PDF discovery. Snippet-only evidence is not treated as verified. Manual review pending.,"WRW/Haas-Hinkel group; WRW Holding owned by EOLIX and MH3, while MH3 is EOLIX 63.44% / Hannes Haas 36.56% | MH3 Beteiligungs GmbH; WRW Holding GmbH",https://www.firmenabc.at/wohnraumwerk-bautraeger-und-projektentwicklungs-gmbh_MjZJ | https://www.evi.gv.at/f/581325s | https://firmenmonitor.com/firma/mh3-beteiligungs-gmbh-532593a,machine_only,no,0,,
99,Oberbank Infrastruktur Management GmbH,SECONDARY,Michael Peichl; Johanna Breuer-Wagner,Geschäftsführer,none,NONE,no,,none,NONE,no,,,,none,none,,NO_DIRECT_CONTACT_FOUND in machine pass; manual/agent verification required,MEDIUM,Machine discovery checked 0 fetched public sources plus exact-name searches/PDF discovery. Snippet-only evidence is not treated as verified. Manual review pending.,Oberbank AG | Oberbank AG,https://www.oberbank.at/,machine_only,no,0,,
