no,company_name,stage3_scope,stage2_process_fit_class,stage2_size_class,management,immediate_owners,ownership_pct,ultimate_control,ownership_type,primary_dm,primary_dm_role,primary_dm_reason,website,wko_url,source_urls,confidence,review_note,research_complete
91,APCOA Austria GmbH,SECONDARY,SECONDARY_PROCESS_TARGET,SECONDARY,Caroline Aichholzer-Lang; Katrin Teichert,APCOA Deutschland GmbH,100% sole shareholder,APCOA Group,CORPORATE_GROUP,Caroline Aichholzer-Lang; Katrin Teichert,Geschäftsführerinnen,International group ownership; Austria management is actionable,,,https://www.evi.gv.at/f/249499k,HIGH,Current public Firmenbuch,yes
92,Erste Group Immorent GmbH,SECONDARY,SECONDARY_PROCESS_TARGET,SECONDARY,Andreja Triller Tonin; Wolfgang Hausner,Erste Group Bank AG,100% sole shareholder,Erste Group Bank AG,CORPORATE_GROUP,Andreja Triller Tonin; Wolfgang Hausner,Geschäftsführer,Bank-owned company; current local GFs are operational decision layer,,,https://www.erstegroupimmorent.com/,HIGH,Current public registry/corporate research,yes
93,Salinen Immobilien Gesellschaft m.b.H.,SECONDARY,SECONDARY_PROCESS_TARGET,SECONDARY,Peter Untersperger; Kurt Thomanek; Andreas Hentschel,Österreichische Salinen AG,100% sole shareholder,"Salinen group; parent shareholder structure led by AIC Androsch International Management Consulting 41.25% and Invest Holding 41.25%, plus Mitarbeiter-Privatstiftung 10% and minorities",CORPORATE_GROUP,Peter Untersperger; Kurt Thomanek,Geschäftsführer,Fragmented parent ownership; operating-company GFs are practical outreach targets,,,https://www.salinen.com/de/impressum/,HIGH,Parent structure publicly disclosed,yes
94,Bank Austria Real Invest Asset Management GmbH,SECONDARY,SECONDARY_PROCESS_TARGET,SECONDARY,Reinhold Jaretz; Harald Heinzl,Bank Austria Real Invest Immobilien-Management GmbH,100% sole shareholder,UniCredit Bank Austria / UniCredit group,CORPORATE_GROUP,Reinhold Jaretz; Harald Heinzl,Geschäftsführer,Bank-group ownership; local asset-management GFs are actionable,,,https://www.realinvest.at/ueber-uns-unternehmensinfos.jsp,HIGH,Current public company information,yes
95,Reinberg & Partner Immobilienberatung GmbH,SECONDARY,SECONDARY_PROCESS_TARGET,SECONDARY,Michael Reinberg; Wolfgang Fessl; Isabella Reinberg,Michael Reinberg; Wolfgang Fessl; Isabella Reinberg; Isabel Liebl; SB108 Invest GmbH,Michael Reinberg 0.20%; Wolfgang Fessl 39%; Isabella Reinberg 33.60%; Isabel Liebl 2%; SB108 Invest 25.20%,Wolfgang Fessl and Isabella Reinberg are largest individual owners,PARTNER_OWNED,Wolfgang Fessl; Isabella Reinberg,Major shareholders / Geschäftsführer,Largest operating individual owners; neither alone controls >50%,,,https://www.reinberg-partner.at/,HIGH,Exact current percentages established in public FirmenABC/registry research,yes
96,UBM Development AG,SECONDARY,SECONDARY_PROCESS_TARGET,SECONDARY,Thomas G. Winkler (CEO); Patric Thate; Martina Maly-Gärtner; Peter Schaller,Public-company shareholder base,Syndicate IGO Industries + Strauss 38.8%; IGO Industries 7%; Jochen Dickinger 5%; free float 49.2%,Public shareholder structure,PUBLIC_COMPANY,Thomas G. Winkler,CEO / Vorstand,No controlling individual; CEO is appropriate strategic outreach target,,,https://www.ubm-development.com/de/impressum/,HIGH,Current Vorstand and shareholder structure publicly disclosed,yes
97,WEGRAZ Gesellschaft für Stadterneuerung und Assanierung m.b.H.,SECONDARY,SECONDARY_PROCESS_TARGET,SECONDARY,Dieter Johs,Austria Handel & Treuhand GmbH; Töpfl Privatstiftung,Austria Handel & Treuhand 99%; Töpfl Privatstiftung 1%,Töpfl Privatstiftung (Austria Handel & Treuhand is itself 100% foundation-owned),FOUNDATION_CONTROL,Dieter Johs,Geschäftsführer,Ultimate foundation ownership; local operating GF is first outreach layer,,,http://www.wegraz.at/,HIGH,Two-level ownership chain resolved,yes
98,Wohnraumwerk Bauträger- und Projektentwicklungs GmbH,SECONDARY,SECONDARY_PROCESS_TARGET,SECONDARY,Maximilian Hinkel; Hannes Haas,MH3 Beteiligungs GmbH; WRW Holding GmbH,MH3 35.89%; WRW Holding 64.11%,"WRW/Haas-Hinkel group; WRW Holding owned by EOLIX and MH3, while MH3 is EOLIX 63.44% / Hannes Haas 36.56%",MIXED,Hannes Haas; Maximilian Hinkel,Geschäftsführer / indirect owner-management,Both run target and holding layers; Hannes has verified indirect personal participation,,,https://www.firmenabc.at/wohnraumwerk-bautraeger-und-projektentwicklungs-gmbh_MjZJ | https://www.evi.gv.at/f/581325s | https://firmenmonitor.com/firma/mh3-beteiligungs-gmbh-532593a,HIGH,Ownership chain resolved sufficiently for outreach,yes
99,Oberbank Infrastruktur Management GmbH,SECONDARY,SECONDARY_PROCESS_TARGET,SECONDARY,Michael Peichl; Johanna Breuer-Wagner,Oberbank AG,100% sole shareholder,Oberbank AG,CORPORATE_GROUP,Michael Peichl; Johanna Breuer-Wagner,Geschäftsführer,Bank-owned company; local GFs are operational decision layer,,,https://www.oberbank.at/,HIGH,Current public registry research,yes
