company_name,priority,recall_score,standort_count,states_seen,website,email,phone,profile_url,recall_reason
WAG Wohnungsanlagen Gesellschaft m.b.H.,P1,17,7,Oberösterreich | Salzburg | Steiermark | Wien,http://www.wag.at/,info@wag.at,0732/3338-0,https://firmen.wko.at/wag-wohnungsanlagen-gesellschaft-mbh-wag-wohnungsanlagen-gesellschaft-mbh/ober%c3%b6sterreich/?firmaid=67f76e6f-c1f8-4143-9eb3-810e09613d95&standortid=3&standortname=ober%c3%b6sterreich%20%28bundesland%29&suchbegriff=immobilienverwalter,7 WKO Standorte; multi-Bundesland; official website; scale/management keyword; group/enterprise signal
SES Center Management GmbH,P1,15,8,Kärnten | Niederösterreich | Oberösterreich | Salzburg | Steiermark | Tirol | Wien,,,,https://firmen.wko.at/ses-center-management-gmbh/k%c3%a4rnten/?firmaid=32f9e4a7-36b5-4b71-9511-32e150dee304&standortid=6&standortname=k%c3%a4rnten%20%28bundesland%29&suchbegriff=immobilienverwalter,8 WKO Standorte; multi-Bundesland; scale/management keyword; group/enterprise signal
ÖBB-Immobilienmanagement Gesellschaft mbH,P1,15,8,Kärnten | Niederösterreich | Oberösterreich | Salzburg | Steiermark | Tirol | Wien,,,,https://firmen.wko.at/%c3%b6bb-immobilienmanagement-gesellschaft-mbh/k%c3%a4rnten/?firmaid=a00079ce-0688-4430-ae5e-27a0f0236073&standortid=6&standortname=k%c3%a4rnten%20%28bundesland%29&suchbegriff=immobilienverwalter,8 WKO Standorte; multi-Bundesland; scale/management keyword; group/enterprise signal
Bundesimmobiliengesellschaft m.b.H.,P1,14,21,Kärnten | Niederösterreich | Oberösterreich | Salzburg | Steiermark | Tirol | Vorarlberg | Wien,http://www.big.at/,office@big.at,05 0244 - 0,https://firmen.wko.at/bundesimmobiliengesellschaft-mbh/k%c3%a4rnten/?firmaid=14e0df91-a2aa-4de9-aad9-d92b5f0337f8&standortid=6&standortname=k%c3%a4rnten%20%28bundesland%29&suchbegriff=immobilienverwalter,21 WKO Standorte; multi-Bundesland; official website; group/enterprise signal
Frieda Rustler Gebäudeverwaltung GmbH & Co KG,P1,14,6,Kärnten | Oberösterreich | Salzburg | Steiermark | Tirol | Wien,http://www.rustler.eu/,office@rustler.eu,+43 1 904 20 00,https://firmen.wko.at/frieda-rustler-geb%c3%a4udeverwaltung-gmbh-und-co-kg/k%c3%a4rnten/?firmaid=5ed98fdf-cb67-4d68-9de0-c82657538ad1&standortid=6&standortname=k%c3%a4rnten%20%28bundesland%29&suchbegriff=immobilienverwalter,6 WKO Standorte; multi-Bundesland; official website; scale/management keyword
IMMOcontract Real Estate Management GmbH,P1,14,6,Kärnten | Niederösterreich | Oberösterreich | Steiermark | Wien,http://www.donath.at/,donath@donath.at,01/587 15 81-0,https://firmen.wko.at/immocontract-real-estate-management-gmbh/k%c3%a4rnten/?firmaid=10762706-8305-4c30-a6d5-d10fb3a75adc&standortid=6&standortname=k%c3%a4rnten%20%28bundesland%29&suchbegriff=immobilienverwalter,6 WKO Standorte; multi-Bundesland; official website; scale/management keyword
BUWOG - Bauen und Wohnen Gesellschaft mbH,P1,13,4,Kärnten | Salzburg | Steiermark | Wien,http://www.buwog.at/,office@buwog.at,01/878 28-0,https://firmen.wko.at/buwog-bauen-und-wohnen-gesellschaft-mbh/k%c3%a4rnten/?firmaid=f4179397-d8c1-4498-adf1-c741abeb929b&standortid=6&standortname=k%c3%a4rnten%20%28bundesland%29&suchbegriff=immobilienverwalter,4 WKO Standorte; multi-Bundesland; official website; group/enterprise signal
PRISMA Zentrum für Standort- und Regionalentwicklung GmbH,P1,13,3,Salzburg | Tirol | Vorarlberg,https://www.prisma-zentrum.com/,office@prisma-zentrum.com,+43 5572 22122,https://firmen.wko.at/prisma-zentrum-f%c3%bcr-standort-und-regionalentwicklung-gmbh/salzburg/?firmaid=961f5cb3-c67f-46d1-8a9e-c81f0a03677c&standortid=4&standortname=salzburg%20%28bundesland%29&suchbegriff=immobilienverwalter,3 WKO Standorte; multi-Bundesland; official website; group/enterprise signal
Immo-Pro Immobilien GmbH,P1,12,7,Kärnten | Salzburg | Steiermark | Tirol | Wien,http://www.immopro.at/,office@immopro.at,0512/348334,https://firmen.wko.at/immo-pro-immobilien-gmbh/k%c3%a4rnten/?firmaid=b9cc1886-2e42-4a30-9d45-1ae6a0a12751&standortid=6&standortname=k%c3%a4rnten%20%28bundesland%29&suchbegriff=immobilienverwalter,7 WKO Standorte; multi-Bundesland; official website
IMV Immobilien Management GmbH,P1,12,4,Niederösterreich | Steiermark | Wien,http://www.imv.co.at/,office@imv.co.at,+43 1 586 69 55,https://firmen.wko.at/imv-immobilien-management-gmbh/nieder%c3%b6sterreich/?firmaid=e8afcdb7-57af-4c60-90dd-02c760b6c2b7&standortid=2&standortname=nieder%c3%b6sterreich%20%28bundesland%29&suchbegriff=immobilienverwalter,4 WKO Standorte; multi-Bundesland; official website; scale/management keyword
WEVIG Wohnungseigentumsverwaltungs- und Immobilientreuhand-Gesellschaft m.b.H.,P1,12,4,Niederösterreich | Oberösterreich | Wien,https://wevig.at/,office@wevig.at,+43 1 486 06 08,https://firmen.wko.at/wevig-wohnungseigentumsverwaltungs-und-immobilientreuhand-gesellschaft-mbh/nieder%c3%b6sterreich/?firmaid=51bfcb3d-0ac8-478f-906e-9462b97f105f&standortid=2&standortname=nieder%c3%b6sterreich%20%28bundesland%29&suchbegriff=immobilienverwalter,4 WKO Standorte; multi-Bundesland; official website; scale/management keyword
BUWOG Süd GmbH,P1,11,2,Kärnten | Steiermark,http://www.esg-villach.at/,office@esg-villach.at,+43 4242 39 10-0,https://firmen.wko.at/buwog-s%c3%bcd-gmbh/k%c3%a4rnten/?firmaid=64ae09df-74ca-4a93-b907-22db4048793e&standortid=6&standortname=k%c3%a4rnten%20%28bundesland%29&suchbegriff=immobilienverwalter,2 WKO Standorte; multi-Bundesland; official website; group/enterprise signal
PMV Immobilien Management GmbH,P1,10,4,Kärnten | Niederösterreich | Wien,,,,https://firmen.wko.at/pmv-immobilien-management-gmbh/k%c3%a4rnten/?firmaid=da7d9f4e-1b4a-4551-8118-1f33a67281ab&standortid=6&standortname=k%c3%a4rnten%20%28bundesland%29&suchbegriff=immobilienverwalter,4 WKO Standorte; multi-Bundesland; scale/management keyword
AUREA Hausverwaltung KG,P1,10,2,Niederösterreich | Wien,http://www.aurea-hausverwaltung.at/,office@aurea-hausverwaltung.at,+43 1 480 71 36,https://firmen.wko.at/aurea-hausverwaltung-kg/nieder%c3%b6sterreich/?firmaid=a06a2671-1cbc-458b-9c15-69bf4319ad8a&standortid=2&standortname=nieder%c3%b6sterreich%20%28bundesland%29&suchbegriff=immobilienverwalter,2 WKO Standorte; multi-Bundesland; official website; scale/management keyword
BOE Gebäudemanagement Gesellschaft m.b.H.,P1,10,2,Tirol | Wien,http://www.boe-parking.at/,parken@boe.at,0512 55 17 00,https://firmen.wko.at/boe-geb%c3%a4udemanagement-gesellschaft-mbh/tirol/?firmaid=4cef397c-cbbe-45bc-8d3b-21ca36fae81b&standortid=7&standortname=tirol%20%28bundesland%29&suchbegriff=immobilienverwalter,2 WKO Standorte; multi-Bundesland; official website; scale/management keyword
IM-Quadrat Immobilien Vermittlung & Verwaltung GmbH,P1,10,2,Oberösterreich | Wien,https://www.im-quadrat.at/,office@im-quadrat.at,+43 732 77 70 80,https://firmen.wko.at/im-quadrat-immobilien-vermittlung-und-verwaltung-gmbh/ober%c3%b6sterreich/?firmaid=7d530e47-d2e5-4f32-8651-cd99bc10ed38&standortid=3&standortname=ober%c3%b6sterreich%20%28bundesland%29&suchbegriff=immobilienverwalter,2 WKO Standorte; multi-Bundesland; official website; scale/management keyword
Immobilienverwaltung Cvitkovits KG,P1,10,2,Burgenland | Wien,http://www.ivc.co.at/,office@ivc.co.at,+43 1 512 82 78,https://firmen.wko.at/immobilienverwaltung-cvitkovits-kg/burgenland/?firmaid=a0c4a5e4-25ea-4911-bcff-365c80307559&standortid=9&standortname=burgenland%20%28bundesland%29&suchbegriff=immobilienverwalter,2 WKO Standorte; multi-Bundesland; official website; scale/management keyword
Karin Schuster KG Immobilienverwaltung,P1,10,2,Niederösterreich | Wien,http://www.ivschuster.at/,office@ivschuster.at,+43 1 408 20 06,https://firmen.wko.at/karin-schuster-kg-immobilienverwaltung/nieder%c3%b6sterreich/?firmaid=ec109782-110a-458b-9ee3-714f4d6da28b&standortid=2&standortname=nieder%c3%b6sterreich%20%28bundesland%29&suchbegriff=immobilienverwalter,2 WKO Standorte; multi-Bundesland; official website; scale/management keyword
Reikersdorfer Hausverwaltung GmbH,P1,10,2,Niederösterreich | Oberösterreich,http://www.reikersdorfer.at/,office@reikersdorfer.at,+43 7252 45000,https://firmen.wko.at/reikersdorfer-hausverwaltung-gmbh/nieder%c3%b6sterreich/?firmaid=9ae0a8d5-3ef7-4c4b-994a-3882dcc2d650&standortid=2&standortname=nieder%c3%b6sterreich%20%28bundesland%29&suchbegriff=immobilienverwalter,2 WKO Standorte; multi-Bundesland; official website; scale/management keyword
Stadt Wien - Wiener Wohnen Kundenservice GmbH,P2,9,3,Wien,,,,https://firmen.wko.at/stadt-wien-wiener-wohnen-kundenservice-gmbh/wien/?firmaid=ace7dcd4-823d-4c33-b6e9-b7bb37fdf0cd&standortid=1&standortname=wien%20%28bundesland%29&suchbegriff=immobilienverwalter,3 WKO Standorte; group/enterprise signal
BUWOG Group GmbH,P2,9,2,Kärnten | Wien,,,,https://firmen.wko.at/buwog-group-gmbh/k%c3%a4rnten/?firmaid=1177bcc1-7e07-4714-8142-a3dd085f399c&standortid=6&standortname=k%c3%a4rnten%20%28bundesland%29&suchbegriff=immobilienverwalter,2 WKO Standorte; multi-Bundesland; group/enterprise signal
CBRE GWS Austria GmbH,P2,9,2,Tirol | Wien,,,,https://firmen.wko.at/cbre-gws-austria-gmbh/tirol/?firmaid=7fa477e9-30a0-4a65-b7ee-01f89953a014&standortid=7&standortname=tirol%20%28bundesland%29&suchbegriff=immobilienverwalter,2 WKO Standorte; multi-Bundesland; group/enterprise signal
VerwaltungsGmbH Pruckner,P2,9,2,Oberösterreich | Salzburg,http://www.verwaltungsgmbh.at/,office@verwaltungsgmbh.at,+43 7242 90 45 0,https://firmen.wko.at/verwaltungsgmbh-pruckner/ober%c3%b6sterreich/?firmaid=7c074a9c-a482-4606-95ac-c05ecb710195&standortid=3&standortname=ober%c3%b6sterreich%20%28bundesland%29&suchbegriff=immobilienverwalter,2 WKO Standorte; multi-Bundesland; official website; scale/management keyword
AREV Immobilien Gesellschaft m.b.H.,P2,8,3,Oberösterreich,http://www.arev.at/,office.ried@arev.at,07752 85 88 50,https://firmen.wko.at/arev-immobilien-gesellschaft-mbh/ober%c3%b6sterreich/?firmaid=cc63d200-453c-476c-a7d8-0f3c5ce2c867&standortid=3&standortname=ober%c3%b6sterreich%20%28bundesland%29&suchbegriff=immobilienverwalter,3 WKO Standorte; official website
GMG Immobilien Invest GmbH,P2,8,3,Kärnten | Wien,,,,https://firmen.wko.at/gmg-immobilien-invest-gmbh/k%c3%a4rnten/?firmaid=f2777ee2-74d0-40b4-afb4-4ec695d6e80a&standortid=6&standortname=k%c3%a4rnten%20%28bundesland%29&suchbegriff=immobilienverwalter,3 WKO Standorte; multi-Bundesland
NV Immobilien GmbH,P2,8,3,Niederösterreich | Wien,,,,https://firmen.wko.at/nv-immobilien-gmbh/nieder%c3%b6sterreich/?firmaid=918d0e5d-3465-43cc-85d9-e9a3f010bbcc&standortid=2&standortname=nieder%c3%b6sterreich%20%28bundesland%29&suchbegriff=immobilienverwalter,3 WKO Standorte; multi-Bundesland
AI Immobilienverwertung GmbH.,P2,8,2,Oberösterreich | Wien,http://www.apk.at/aiig,office@apk.at,+43 732 77 29 29,https://firmen.wko.at/ai-immobilienverwertung-gmbh/ober%c3%b6sterreich/?firmaid=35b52e78-acde-465c-acde-75784f80c8bd&standortid=3&standortname=ober%c3%b6sterreich%20%28bundesland%29&suchbegriff=immobilienverwalter,2 WKO Standorte; multi-Bundesland; official website
at home Immobilien-GmbH,P2,8,2,Niederösterreich | Wien,http://www.at-home.co.at/,office@at-home.co.at,+43 1 585 84 20,https://firmen.wko.at/at-home-immobilien-gmbh/nieder%c3%b6sterreich/?firmaid=313a7ef5-f548-4638-bcf2-b51f6458b466&standortid=2&standortname=nieder%c3%b6sterreich%20%28bundesland%29&suchbegriff=immobilienverwalter,2 WKO Standorte; multi-Bundesland; official website
Bischof Immobilien Ges.m.b.H.,P2,8,2,Steiermark | Wien,http://www.ibi.at/,immo@ibi.at,+43 (0)3572-868 82,https://firmen.wko.at/bischof-immobilien-gesmbh/steiermark/?firmaid=56f6b87b-c3b7-4871-a1c9-7100ad73ccec&standortid=5&standortname=steiermark%20%28bundesland%29&suchbegriff=immobilienverwalter,2 WKO Standorte; multi-Bundesland; official website
Dr. Friedrich Noszek GmbH,P2,8,2,Niederösterreich | Wien,http://www.immo-noszek.at/,office@immo-noszek.at,+43 1 869 42 04,https://firmen.wko.at/dr-friedrich-noszek-gmbh/nieder%c3%b6sterreich/?firmaid=3c1d505a-9be4-4ac1-9cfe-76ad82bd16c9&standortid=2&standortname=nieder%c3%b6sterreich%20%28bundesland%29&suchbegriff=immobilienverwalter,2 WKO Standorte; multi-Bundesland; official website
Haus & Grund Immobilien Management GmbH,P2,8,2,Oberösterreich | Salzburg,,,,https://firmen.wko.at/haus-und-grund-immobilien-management-gmbh/ober%c3%b6sterreich/?firmaid=8e4aa7d3-b6fd-49a4-8443-88b723f02297&standortid=3&standortname=ober%c3%b6sterreich%20%28bundesland%29&suchbegriff=immobilienverwalter,2 WKO Standorte; multi-Bundesland; scale/management keyword
KALA Immobilienmanagement GmbH,P2,8,2,Oberösterreich | Wien,,,,https://firmen.wko.at/kala-immobilienmanagement-gmbh/ober%c3%b6sterreich/?firmaid=82c37824-afda-4ec0-b1ff-a5ef2c455f59&standortid=3&standortname=ober%c3%b6sterreich%20%28bundesland%29&suchbegriff=immobilienverwalter,2 WKO Standorte; multi-Bundesland; scale/management keyword
LIFING Gebäudetechnik & Verwaltung GmbH,P2,8,2,Niederösterreich | Wien,,,,https://firmen.wko.at/lifing-geb%c3%a4udetechnik-und-verwaltung-gmbh/nieder%c3%b6sterreich/?firmaid=02c2ca23-59d5-4aaf-a4b0-2b702df99d75&standortid=2&standortname=nieder%c3%b6sterreich%20%28bundesland%29&suchbegriff=immobilienverwalter,2 WKO Standorte; multi-Bundesland; scale/management keyword
McArthurGlen Management Gesellschaft m.b.H.,P2,8,2,Burgenland | Salzburg,,,,https://firmen.wko.at/mcarthurglen-management-gesellschaft-mbh/burgenland/?firmaid=394a8824-65cd-45fd-b37e-05d50d2ad59b&standortid=9&standortname=burgenland%20%28bundesland%29&suchbegriff=immobilienverwalter,2 WKO Standorte; multi-Bundesland; scale/management keyword
OM Objektmanagement GmbH,P2,8,2,Salzburg | Wien,,,,https://firmen.wko.at/om-objektmanagement-gmbh/salzburg/?firmaid=d2ecbca0-e2ff-4607-b88b-7f5f39952638&standortid=4&standortname=salzburg%20%28bundesland%29&suchbegriff=immobilienverwalter,2 WKO Standorte; multi-Bundesland; scale/management keyword
PFG Liegenschaftsbewirtschaftungs GmbH & Co KG,P2,8,2,Salzburg | Wien,,,,https://firmen.wko.at/pfg-liegenschaftsbewirtschaftungs-gmbh-und-co-kg/salzburg/?firmaid=da2e2048-753c-418b-9f1b-12cba705c073&standortid=4&standortname=salzburg%20%28bundesland%29&suchbegriff=immobilienverwalter,2 WKO Standorte; multi-Bundesland; scale/management keyword
Realkanzlei Ferdinand König Gesellschaft m.b.H.,P2,8,2,Niederösterreich | Wien,http://www.koenigimmobilien.at/,office@koenigimmobilien.at,+43 1 470 03 33,https://firmen.wko.at/realkanzlei-ferdinand-k%c3%b6nig-gesellschaft-mbh/nieder%c3%b6sterreich/?firmaid=60e304eb-54aa-4dde-adb0-799cf4328994&standortid=2&standortname=nieder%c3%b6sterreich%20%28bundesland%29&suchbegriff=immobilienverwalter,2 WKO Standorte; multi-Bundesland; official website
Steinkogler Immobilientreuhand GmbH,P2,8,2,Oberösterreich | Tirol,http://www.steinkogler-verwaltungen.at/,office@steinkogler-verwaltungen.at,+43 7672 22 67 0,https://firmen.wko.at/steinkogler-immobilientreuhand-gmbh/ober%c3%b6sterreich/?firmaid=e76b5714-0241-4f55-969a-8772cebe1fc1&standortid=3&standortname=ober%c3%b6sterreich%20%28bundesland%29&suchbegriff=immobilienverwalter,2 WKO Standorte; multi-Bundesland; official website
Terra Immobilien Gesellschaft m.b.H.,P2,8,2,Tirol | Wien,http://www.terrainternational.at/,office@terrainternational.at,+43 1 535 68 88,https://firmen.wko.at/terra-immobilien-gesellschaft-mbh/tirol/?firmaid=a0c7f513-619e-48d9-a65e-bb18a90b229d&standortid=7&standortname=tirol%20%28bundesland%29&suchbegriff=immobilienverwalter,2 WKO Standorte; multi-Bundesland; official website
UBM Development AG,P2,8,2,Tirol | Wien,http://www.ubm.at/,office@ubm-development.com,+43 1 626 62 45,https://firmen.wko.at/ubm-development-ag/tirol/?firmaid=e8b4b262-14bc-4605-b812-c05c73d91fd3&standortid=7&standortname=tirol%20%28bundesland%29&suchbegriff=immobilienverwalter,2 WKO Standorte; multi-Bundesland; official website
Unibail-Rodamco Austria Verwaltungs GmbH,P2,8,2,Niederösterreich | Wien,,,,https://firmen.wko.at/unibail-rodamco-austria-verwaltungs-gmbh/nieder%c3%b6sterreich/?firmaid=460b87a0-83ea-4d1e-87e8-25b70745255a&standortid=2&standortname=nieder%c3%b6sterreich%20%28bundesland%29&suchbegriff=immobilienverwalter,2 WKO Standorte; multi-Bundesland; scale/management keyword
Viviamo Immobilien GmbH,P2,8,2,Oberösterreich | Wien,http://www.viviamo.at/,office@viviamo.at,+43 732 99 00 62,https://firmen.wko.at/viviamo-immobilien-gmbh/ober%c3%b6sterreich/?firmaid=9053fc92-6999-4334-8ca0-ac9a23517d82&standortid=3&standortname=ober%c3%b6sterreich%20%28bundesland%29&suchbegriff=immobilienverwalter,2 WKO Standorte; multi-Bundesland; official website
Zirm Immobilien GmbH,P2,8,2,Steiermark | Tirol,https://www.zirm-immo.net/,office@zirm-immo.net,+43 316 82 07 30,https://firmen.wko.at/zirm-immobilien-gmbh/steiermark/?firmaid=e7350bb8-c681-460f-96da-f33d0784ccf6&standortid=5&standortname=steiermark%20%28bundesland%29&suchbegriff=immobilienverwalter,2 WKO Standorte; multi-Bundesland; official website
APCOA Austria GmbH,P3,7,1,Wien,http://www.apcoa.at/,,+43 1 717 16-0,https://firmen.wko.at/apcoa-austria-gmbh/wien/?firmaid=c9f86de5-7380-41c6-b43b-08d902f1f8f6&standortid=1&standortname=wien%20%28bundesland%29&suchbegriff=immobilienverwalter,official website; group/enterprise signal
Apleona Real Estate AT GmbH,P3,7,1,Wien,https://www.realestate.apleona.at/,office.realestate.at@apleona.com,+43 5 072 00,https://firmen.wko.at/apleona-real-estate-at-gmbh/wien/?firmaid=0c7fae37-ce34-4376-be1a-e8458a034c13&standortid=1&standortname=wien%20%28bundesland%29&suchbegriff=immobilienverwalter,official website; scale/management keyword; group/enterprise signal
CBRE GmbH,P3,7,1,Wien,http://www.cbre.at/,patrizia.roegelsperger@cbre.com,+43 1 533 40 80,https://firmen.wko.at/cbre-gmbh/wien/?firmaid=f9385336-8856-4a6b-b913-0574cec1db0a&standortid=1&standortname=wien%20%28bundesland%29&suchbegriff=immobilienverwalter,official website; group/enterprise signal
EHL Immobilien Management GmbH,P3,7,1,Wien,http://www.ehl.at/,office@ehl.at,+43 1 512 76 90,https://firmen.wko.at/ehl-immobilien-management-gmbh/wien/?firmaid=5c30f1e3-acde-4a34-9135-5f8d7b35c04f&standortid=1&standortname=wien%20%28bundesland%29&suchbegriff=immobilienverwalter,official website; scale/management keyword
GRAWE IMMO AG,P3,7,1,Steiermark,https://www.grawe-immo.at/,office@grawe-immo.at,+43 316 8089 0,https://firmen.wko.at/grawe-immo-ag/steiermark/?firmaid=5e13c4f0-1871-4024-8bbe-c7c68ad5e5cd&standortid=5&standortname=steiermark%20%28bundesland%29&suchbegriff=immobilienverwalter,official website; group/enterprise signal
ÖRAG Immobilien Vermittlung GmbH,P3,7,1,Wien,http://www.oerag.at/,office@oerag.at,+43 1 534 73 0,https://firmen.wko.at/%c3%b6rag-immobilien-vermittlung-gmbh/wien/?firmaid=3ca6208a-beaf-4aca-8af1-c9227d6aab6d&standortid=1&standortname=wien%20%28bundesland%29&suchbegriff=immobilienverwalter,official website; group/enterprise signal
ÖRAG Liegenschaftsverwaltung Gesellschaft m.b.H.,P3,7,1,Wien,http://www.oerag.at/,office@oerag.at,+43 1 534 73 0,https://firmen.wko.at/%c3%b6rag-liegenschaftsverwaltung-gesellschaft-mbh/wien/?firmaid=ac6a6cfe-ad8f-4428-987f-54651ca49ca4&standortid=1&standortname=wien%20%28bundesland%29&suchbegriff=immobilienverwalter,official website; scale/management keyword; group/enterprise signal
BUWOG Facility Management GmbH,P3,6,1,Wien,http://www.buwog.at/,office@buwog.at,+43 1 87828-0,https://firmen.wko.at/buwog-facility-management-gmbh/wien/?firmaid=966b5f66-d0f5-42af-af48-d0e6cc8fd981&standortid=1&standortname=wien%20%28bundesland%29&suchbegriff=immobilienverwalter,official website; scale/management keyword; group/enterprise signal
BIG Operations GmbH,P3,6,1,Wien,http://www.big.at/,office@big.at,+43 5 0244-0,https://firmen.wko.at/big-operations-gmbh/wien/?firmaid=8b3a0b73-4c31-4f04-832a-2b3e44feee3e&standortid=1&standortname=wien%20%28bundesland%29&suchbegriff=immobilienverwalter,official website; group/enterprise signal
IG Immobilien Management GmbH,P3,6,1,Wien,http://www.ig-immobilien.com/,office@ig-immobilien.com,+43 1 532 01 40,https://firmen.wko.at/ig-immobilien-management-gmbh/wien/?firmaid=ee38a9c9-8a39-4dd8-a649-ac54cdf7815a&standortid=1&standortname=wien%20%28bundesland%29&suchbegriff=immobilienverwalter,official website; scale/management keyword
IMMOFINANZ AG,P3,6,1,Wien,http://www.immofinanz.com/,office@immofinanz.com,+43 1 880 90,https://firmen.wko.at/immofinanz-ag/wien/?firmaid=9f6f8c3b-ef2d-49c5-ae49-aa1cb8de6f53&standortid=1&standortname=wien%20%28bundesland%29&suchbegriff=immobilienverwalter,official website; group/enterprise signal
KONE Aktiengesellschaft,P3,6,1,Wien,http://www.kone.at/,austria@kone.com,+43 1 811 77-0,https://firmen.wko.at/kone-aktiengesellschaft/wien/?firmaid=b14a9995-6b8e-4978-b576-85778b4e8c77&standortid=1&standortname=wien%20%28bundesland%29&suchbegriff=immobilienverwalter,official website; group/enterprise signal
PORR Bau GmbH,P3,6,1,Wien,http://www.porr.at/,office@porr.at,+43 50 626-0,https://firmen.wko.at/porr-bau-gmbh/wien/?firmaid=5d039272-8d0c-424f-a052-c65da8808333&standortid=1&standortname=wien%20%28bundesland%29&suchbegriff=immobilienverwalter,official website; group/enterprise signal
STRABAG BRVZ GmbH,P3,6,1,Wien,http://www.strabag.com/,info@strabag.com,+43 1 22422-0,https://firmen.wko.at/strabag-brvz-gmbh/wien/?firmaid=3bc7ef6f-ab30-4024-8af1-a1d28be50575&standortid=1&standortname=wien%20%28bundesland%29&suchbegriff=immobilienverwalter,official website; group/enterprise signal
VAMED Standortentwicklung und Engineering GmbH,P3,6,1,Wien,http://www.vamed.com/,office@vamed.com,+43 1 60127-0,https://firmen.wko.at/vamed-standortentwicklung-und-engineering-gmbh/wien/?firmaid=646acb68-1b0a-4e5c-9358-7fe74f784ab0&standortid=1&standortname=wien%20%28bundesland%29&suchbegriff=immobilienverwalter,official website; group/enterprise signal
Wohnservice Wien Ges.m.b.H.,P3,6,1,Wien,http://www.wohnservice-wien.at/,office@wohnservice-wien.at,+43 1 24503-0,https://firmen.wko.at/wohnservice-wien-gesmbh/wien/?firmaid=3e834068-afaa-4bef-97a8-7d60ed691721&standortid=1&standortname=wien%20%28bundesland%29&suchbegriff=immobilienverwalter,official website; scale/management keyword; group/enterprise signal
