no,company,primary_dm,management,owners,websites,wko_url
1,CMA-CGM (Deutschland) GmbH Shipping Agency,Mirja Nibbe,Mirja Nibbe,CMA CGM group,,https://firmen.wko.at/cma-cgm-deutschland-gmbh-shipping-agency/wien/?firmaid=e7e4d8a2-a650-44d6-a3bd-06c30f380f7c&standortid=1&standortname=wien%20%28bundesland%29&suchbegriff=spediteur
2,DP World Logistics Austria GmbH,Rolf Mertins; Chris Povey,Rolf Mertins; Chris Povey,Imperial Mobility International B.V.,,https://firmen.wko.at/dp-world-logistics-austria-gmbh/ober%c3%b6sterreich/?firmaid=e8f23dbe-87db-43d2-bc22-15e4dae72d95&standortid=3&standortname=ober%c3%b6sterreich%20%28bundesland%29&suchbegriff=spediteur
3,Logistik Service GmbH,Christian Janecek; Markus Schinko,Mag. Christian Janecek; Ing. Markus Schinko,voestalpine Stahl GmbH,http://www.logserv.at/,https://firmen.wko.at/logistik-service-gmbh/ober%c3%b6sterreich/?firmaid=24570320-3cc1-4f81-9f90-395433460427&standortid=3&standortname=ober%c3%b6sterreich%20%28bundesland%29&suchbegriff=spediteur
4,Lagermax Logistics Austria GmbH,Michael Macheiner; Christian Stoll; Richard Pöschl,Michael Macheiner; Christian Stoll; Richard Pöschl,Lagermax Lagerhaus und Speditions AG,http://www.lagermax.com/ | https://www.lagermax.com/de-at,https://firmen.wko.at/lagermax-logistics-austria-gmbh/k%c3%a4rnten/?firmaid=47a02886-30bf-42ca-b862-7fb4aec67826&standortid=6&standortname=k%c3%a4rnten%20%28bundesland%29&suchbegriff=spediteur
5,Gebrüder Weiss Gesellschaft m.b.H.,Wolfram Senger-Weiss; Peter Schafleitner; Jürgen Bauer; Alessandro Cacciola,Peter Schafleitner; Jürgen Bauer; Wolfram Senger-Weiss; Alessandro Cacciola,Gebrüder Weiss Holding AG; GW Immobilien GmbH,http://gw-world.com/ | http://www.gebr-weiss.com/ | http://www.gw-world.com/ | https://www.gw-world.com/de/gwmoveson/,https://firmen.wko.at/gebr%c3%bcder-weiss-gesellschaft-mbh-gebr%c3%bcder-weiss-gesellschaft-mbh/k%c3%a4rnten/?firmaid=092f8431-4fe0-40c6-9027-81e7b0cc7f5c&standortid=6&standortname=k%c3%a4rnten%20%28bundesland%29&suchbegriff=spediteur
6,DHL Express (Austria) GmbH,Roland Winischhofer; Kris David van Humbeeck,"Mag. (FH) Roland Winischhofer, MBA; Kris David van Humbeeck",Deutsche Post Beteiligungen Holding GmbH,https://mydhl.express.dhl/,https://firmen.wko.at/dhl-express-austria-gmbh-dhl-express-austria-gmbh-k%c3%a4rnten/k%c3%a4rnten/?firmaid=bfefb7af-200c-408f-9a70-c6ec6392ab0f&standortid=6&standortname=k%c3%a4rnten%20%28bundesland%29&suchbegriff=spediteur
7,Expeditors Speditionsges.m.b.H.,Clemens Reimer; Daniel Roy Wall,Clemens Reimer; Daniel Roy Wall,"Expeditors International of Washington, Inc.",http://www.expeditors.com/,https://firmen.wko.at/expeditors-speditionsgesmbh/nieder%c3%b6sterreich/?firmaid=4bf21f07-4c3c-48a9-a5ad-31246e64270f&standortid=2&standortname=nieder%c3%b6sterreich%20%28bundesland%29&suchbegriff=spediteur
8,G. Englmayer Spedition GmbH,Andreas Gaber; Roman Schimps; Robert Breitwieser; Alexander Pöttinger,Andreas Gaber; Roman Schimps; Robert Breitwieser; Alexander Pöttinger,WIESINGER Privatstiftung,http://www.englmayer.at/,https://firmen.wko.at/genglmayer-spedition-gmbh/nieder%c3%b6sterreich/?firmaid=d2d861dc-6515-42ba-8efd-603bf370c58c&standortid=2&standortname=nieder%c3%b6sterreich%20%28bundesland%29&suchbegriff=spediteur
9,Hödlmayr International GmbH,Johannes Alexander Hödlmayr; Robert Horvath; Andreas Sundl,"DI (FH) Robert Horvath, MBA; Andreas Sundl; Johannes Alexander Hödlmayr, MA",Hödlmayr-Privatstiftung; family minority stakes,http://www.hoedlmayr.com/,https://firmen.wko.at/h%c3%b6dlmayr-international-gmbh/ober%c3%b6sterreich/?firmaid=29f6b838-d38a-42ff-9ca5-291080989c71&standortid=3&standortname=ober%c3%b6sterreich%20%28bundesland%29&suchbegriff=spediteur
10,Kühne + Nagel Gesellschaft m.b.H.,Franz Braunsberger; Martin Hafner,Franz Braunsberger; Martin Hafner,Kühne + Nagel Eastern Europe AG; Kühne + Nagel Management AG,http://www.kuehne-nagel.at/ | http://www.kuehne-nagel.com/,https://firmen.wko.at/k%c3%bchne-nagel-gesellschaft-mbh/k%c3%a4rnten/?firmaid=fa8a8110-7c4f-4422-a816-2fd2a3efd81b&standortid=6&standortname=k%c3%a4rnten%20%28bundesland%29&suchbegriff=spediteur
11,Quick Service Logistics GmbH,Markus Bappert; Nina Meyer; Florian Entrich,Markus Bappert; Nina Meyer; Florian Entrich,Meyer Quick Service Logistics Verwaltungs GmbH,,https://firmen.wko.at/quick-service-logistics-gmbh/nieder%c3%b6sterreich/?firmaid=15b122aa-0f61-49c9-b1a1-24fe6d9daf7b&standortid=2&standortname=nieder%c3%b6sterreich%20%28bundesland%29&suchbegriff=spediteur
12,Raben Logistics Austria GmbH,Ewald Raben; Wojciech Mialik,Ewald Raben; Wojciech Mateusz Mialik,Raben Group N.V.,,https://firmen.wko.at/raben-logistics-austria-gmbh/burgenland/?firmaid=43e84c6a-f649-45be-be26-637503f40f83&standortid=9&standortname=burgenland%20%28bundesland%29&suchbegriff=spediteur
13,Sovereign Speed Austria GmbH,Leo Then,Leo Then,Sovereign Speed Germany GmbH,http://www.sovereignspeed.com/,https://firmen.wko.at/sovereign-speed-austria-gmbh/nieder%c3%b6sterreich/?firmaid=70a0eb56-24fa-41dd-9e75-bba94c39807f&standortid=2&standortname=nieder%c3%b6sterreich%20%28bundesland%29&suchbegriff=spediteur
14,Nothegger Transport Logistik GmbH,Karl Nothegger,Karl Nothegger,Karl Nothegger; Nothegger Holding GmbH,http://www.nothegger.at/,https://firmen.wko.at/nothegger-transport-logistik-gmbh/ober%c3%b6sterreich/?firmaid=dd94b639-ac8d-4a19-937a-635cd3640abc&standortid=3&standortname=ober%c3%b6sterreich%20%28bundesland%29&suchbegriff=spediteur
15,All Fresh Logistics GmbH,Reinhold Diess,Reinhold Diess,Reinhold Diess,,https://firmen.wko.at/all-fresh-logistics-gmbh/nieder%c3%b6sterreich/?firmaid=632acebd-08e2-42d8-b9e4-d4e7f24e42c9&standortid=2&standortname=nieder%c3%b6sterreich%20%28bundesland%29&suchbegriff=spediteur
16,Berger Logistik GmbH,Tobias Ibrahim; Matthias Synal,Tobias Ibrahim; Matthias Synal,Berger Transport GmbH; Red Bull GmbH,,https://firmen.wko.at/berger-logistik-gmbh/tirol/?firmaid=55ce58a3-4f17-4b38-ab18-525848eb4df8&standortid=7&standortname=tirol%20%28bundesland%29&suchbegriff=spediteur
17,cargo-partner GmbH,Martin Schenzel,Martin Schenzel,Cargo-Partner Holdings GmbH,http://www.cargo-partner.com/,https://firmen.wko.at/cargo-partner-gmbh/nieder%c3%b6sterreich/?firmaid=765618f5-08e1-4094-a4b5-c2e36f33f430&standortid=2&standortname=nieder%c3%b6sterreich%20%28bundesland%29&suchbegriff=spediteur
18,DACHSER-Austria Gesellschaft m.b.H.,Alfred Koblmüller; Michael Rauhofer,"Alfred Koblmüller, MBA, MIB; Michael Rauhofer",DACHSER SE,,https://firmen.wko.at/dachser-austria-gesellschaft-mbh/nieder%c3%b6sterreich/?firmaid=46d7c424-40ed-4e24-83ed-46c1e4b27e41&standortid=2&standortname=nieder%c3%b6sterreich%20%28bundesland%29&suchbegriff=spediteur
19,DHL Global Forwarding (Austria) GmbH,Christoph Wahl; Thomas Ziegler,Christoph Martin Wahl; Mag. (FH) Thomas Ziegler,DHL Global Forwarding International Holdings B.V.,http://www.dhl-freight.at/ | http://www.dhl.at/ | http://www.logistics.dhl/at-de | https://www.dhl.com/at-de/home/fracht.html,https://firmen.wko.at/dhl-global-forwarding-austria-gmbh-internationale-spedition/k%c3%a4rnten/?firmaid=4c8d5cfa-9fea-4e8d-b931-ea66e15d4700&standortid=6&standortname=k%c3%a4rnten%20%28bundesland%29&suchbegriff=spediteur
20,Dipl. Kfm. Günther König Transportgesellschaft m.b.H.,Katharina König,Katharina König,Ownership not resolved in free public sources,,https://firmen.wko.at/dipl-kfm-g%c3%bcnther-k%c3%b6nig-transportgesellschaft-mbh/burgenland/?firmaid=8b32f60f-660a-4890-b684-0276f72780a8&standortid=9&standortname=burgenland%20%28bundesland%29&suchbegriff=spediteur
21,FedEx Express Austria GmbH,Stefan Dries; Sven Kische; Charlotte Laureyssens,Stefan Günter Dries; Sven Kische; Charlotte Elisabeth M. Laureyssens,FedEx Express International B.V.,,https://firmen.wko.at/fedex-express-austria-gmbh/ober%c3%b6sterreich/?firmaid=e797d4b9-1134-4e4c-8fe0-e34117b0cbd2&standortid=3&standortname=ober%c3%b6sterreich%20%28bundesland%29&suchbegriff=spediteur
22,Fercam Austria GmbH,Hannes Baumgartner; Christian Jarnig,Hannes Baumgartner; Christian Jarnig,FERCAM SB SRL,,https://firmen.wko.at/fercam-austria-gmbh/k%c3%a4rnten/?firmaid=1c58f4cc-15e0-46f1-83ea-e017b371bdea&standortid=6&standortname=k%c3%a4rnten%20%28bundesland%29&suchbegriff=spediteur
23,Fluckinger Transport GmbH,Andreas Fluckinger,Andreas Fluckinger,Fluckinger Holding GmbH,,https://firmen.wko.at/fluckinger-transport-gmbh/tirol/?firmaid=d0cb09b4-bf35-45ce-90c3-162dbcb30a9b&standortid=7&standortname=tirol%20%28bundesland%29&suchbegriff=spediteur
24,Friedrich Göbhart Gesellschaft m.b.H.,Lukas Herzog; Gerhard Prossinger,Lukas Herzog; Gerhard Prossinger,ZEPTA Vermögensverwaltungs GmbH,,https://firmen.wko.at/friedrich-g%c3%b6bhart-gesellschaft-mbh/nieder%c3%b6sterreich/?firmaid=f173e086-15c4-4648-9262-2113ca3423e6&standortid=2&standortname=nieder%c3%b6sterreich%20%28bundesland%29&suchbegriff=spediteur
25,Fritz Mayer Internationale Spedition & Transport GmbH,Friedrich Mayer; Peter Mayer,Friedrich Mayer; Peter Mayer,Friedrich Mayer; Peter Mayer,,https://firmen.wko.at/fritz-mayer-internationale-spedition-und-transport-gmbh/steiermark/?firmaid=c846ef3a-9035-42f2-8e15-2bebe1ed0636&standortid=5&standortname=steiermark%20%28bundesland%29&suchbegriff=spediteur
26,GLS Austria GmbH,Christian Schöninger; Moritz Eichhöfer,Christian Schöninger; Moritz Dietrich Martin Eichhöfer,General Logistics Systems Germany GmbH & Co. OHG,,https://firmen.wko.at/gls-austria-gmbh/ober%c3%b6sterreich/?firmaid=3e2a8d84-f76f-4b2b-92b1-e8db66472129&standortid=3&standortname=ober%c3%b6sterreich%20%28bundesland%29&suchbegriff=spediteur
27,Global Express Austria GmbH,Rolf Hadolt; Felix Hadolt; Stefanie Sachiko Hadolt-Reimers,Rolf Hadolt; Felix Hadolt,Rolf Hadolt; Stefanie Sachiko Hadolt-Reimers; Felix Hadolt,,https://firmen.wko.at/global-express-austria-gmbh/steiermark/?firmaid=2e54e0f0-d4a2-4523-bbf8-78d9bfdadfb9&standortid=5&standortname=steiermark%20%28bundesland%29&suchbegriff=spediteur
28,Hödlmayr Logistics GmbH,Helmut Zwirner; Markus Formann; Stefan Pargfrieder,Mag. Helmut Zwirner; Mag. Markus Formann; Mag. Stefan Pargfrieder,Hödlmayr International GmbH,,https://firmen.wko.at/h%c3%b6dlmayr-logistics-gmbh/ober%c3%b6sterreich/?firmaid=282d54ec-d4f0-45a0-82a6-6cb46f2a0a4d&standortid=3&standortname=ober%c3%b6sterreich%20%28bundesland%29&suchbegriff=spediteur
29,Ontime Logistics Speditions GmbH,Sonja Schneckenreither; Thomas Dobusch,"Sonja Schneckenreither, BSc; Thomas Dietmar Dobusch",SAW-Beteiligungs GmbH,,https://firmen.wko.at/ontime-logistics-speditions-gmbh/ober%c3%b6sterreich/?firmaid=fb12037c-f64f-4b75-96c9-080394a59666&standortid=3&standortname=ober%c3%b6sterreich%20%28bundesland%29&suchbegriff=spediteur
30,Rudolph Logistik Österreich GmbH,Georg Weiß; Christoph Maas; Christoph Glatzl,"Georg Weiß; Christoph Maas; Christoph Glatzl, BA, MSc",ANCLA Logistik GmbH,,https://firmen.wko.at/rudolph-logistik-%c3%b6sterreich-gmbh/ober%c3%b6sterreich/?firmaid=7f0b8fc5-0540-4947-b702-47a1e4c5a3d0&standortid=3&standortname=ober%c3%b6sterreich%20%28bundesland%29&suchbegriff=spediteur
31,Nagel Austria GmbH,Johannes Winterleitner; Markus Raffeiner,Johannes Winterleitner; Markus Raffeiner,Nagel-Group Logistics SE,,https://firmen.wko.at/nagel-austria-gmbh/nieder%c3%b6sterreich/?firmaid=7e192fcf-6f00-4a1c-b904-5ba979e1439a&standortid=2&standortname=nieder%c3%b6sterreich%20%28bundesland%29&suchbegriff=spediteur
32,NEUFRA Speditions Gesellschaft m.b.H.,Wolfgang Hast; Sandra Hast; Peter Reindl,Wolfgang Hast; Sandra Hast; Peter Reindl,NEUFRA Speditionsgesellschaft mbH (Germany),,https://firmen.wko.at/neufra-speditions-gesellschaft-mbh/nieder%c3%b6sterreich/?firmaid=c0f4a07c-988d-452c-b3ac-2445f6596ef5&standortid=2&standortname=nieder%c3%b6sterreich%20%28bundesland%29&suchbegriff=spediteur
33,Petschl Werkstätten Betriebs GmbH,Nikolaus Glisic; Wolfgang Aigner,Wolfgang Aigner (GF of managing GmbH),Nikolaus Glisic; PETSCHL Österreich GmbH,,https://firmen.wko.at/petschl-werkst%c3%a4tten-betriebs-gmbh/ober%c3%b6sterreich/?firmaid=fc81c607-cf3c-43bf-bf79-a53fc439a8a6&standortid=3&standortname=ober%c3%b6sterreich%20%28bundesland%29&suchbegriff=spediteur
34,SETG Salzburger Eisenbahn TransportLogistik GmbH,Gunther Pitterka,Gunther Rudolf Pitterka; Christoph Böhm,Gunther Pitterka,,https://firmen.wko.at/setg-salzburger-eisenbahn-transportlogistik-gmbh/salzburg/?firmaid=5e5278fe-9968-4bd5-9fb2-3f2dc38ea955&standortid=4&standortname=salzburg%20%28bundesland%29&suchbegriff=spediteur
35,Schachinger Logistik Holding GmbH,Maximilian Schachinger; Günther Gfrerrer; Ehrenfried Werderits; Philipp Pracser,Günther Gfrerrer; Ehrenfried Werderits; Philipp Pracser,Schachinger group / Maximilian Schachinger ultimate control,,https://firmen.wko.at/schachinger-logistik-holding-gmbh/ober%c3%b6sterreich/?firmaid=395b74cf-1966-467f-b7b7-dda1f1f55346&standortid=3&standortname=ober%c3%b6sterreich%20%28bundesland%29&suchbegriff=spediteur
36,TFG Transfracht Internationale Gesellschaft für kombinierten Güterverkehr mbH,Frank Erschkat; Thomas Hesse; Sören Kaminsky; Rebecca Leitner (Austria),Frank Erschkat; Thomas Hesse; Sören Kaminsky,DB Cargo AG,,https://firmen.wko.at/tfg-transfracht-internationale-gesellschaft-f%c3%bcr-kombinierten-g%c3%bcterverkehr-mbh/wien/?firmaid=20e6fb02-d249-448e-9868-1e909b268f70&standortid=1&standortname=wien%20%28bundesland%29&suchbegriff=spediteur
37,Trans-o-flex ThermoMed Austria GmbH,Eugen Günther; Thomas Handlos; Michael Löckener,Eugen Günther; Thomas Handlos; Michael Löckener,trans-o-flex ThermoMed GmbH,,https://firmen.wko.at/trans-o-flex-thermomed-austria-gmbh/wien/?firmaid=e70204bc-0513-4747-9aad-081640d4cf22&standortid=1&standortname=wien%20%28bundesland%29&suchbegriff=spediteur
38,TRANSDANUBIA Speditionsgesellschaft m.b.H.,Andreas Scherbaum; Friedrich Simlinger; Günter Lehner,Andreas Scherbaum; Friedrich Simlinger; Günter Lehner,TRANSDANUBIA Holding GmbH,,https://firmen.wko.at/transdanubia-speditionsgesellschaft-mbh/ober%c3%b6sterreich/?firmaid=b05fbab4-b048-4da5-aa2d-5c3f97def401&standortid=3&standortname=ober%c3%b6sterreich%20%28bundesland%29&suchbegriff=spediteur
39,Transped Europe GmbH,Thomas Schnaiter,Thomas Schnaiter,Transped Holding GmbH; Markus Auer GmbH,,https://firmen.wko.at/transped-europe-gmbh/tirol/?firmaid=e09f2c3b-1647-4b5f-97fb-6104906775d3&standortid=7&standortname=tirol%20%28bundesland%29&suchbegriff=spediteur
40,Transporte Schneckenreiter GmbH,Dieter Schneckenreiter,Dieter Schneckenreiter,UCS Beteiligungen GmbH,,https://firmen.wko.at/transporte-schneckenreiter-gmbh/ober%c3%b6sterreich/?firmaid=597082ab-1fd2-4a03-8ef7-a536bd9b1f49&standortid=3&standortname=ober%c3%b6sterreich%20%28bundesland%29&suchbegriff=spediteur
41,VEGA International Car-Transport and Logistic-Trading Gesellschaft m.b.H.,Franz Blum; Wolfgang Werner; Peter Blum; Thomas Mackinger,Franz Blum; Wolfgang Werner; Peter Blum; Thomas Mackinger,Franz Blum; Wolfgang Werner,,https://firmen.wko.at/vega-international-car-transport-and-logistic-trading-gesellschaft-mbh/salzburg/?firmaid=d08eb180-263f-4173-8ab3-48cca53f2146&standortid=4&standortname=salzburg%20%28bundesland%29&suchbegriff=spediteur
42,Weiss Walter,Johann Luxbauer,Johann Luxbauer (Vorstand),Luxbauer Holding GmbH,,https://firmen.wko.at/weiss-walter/steiermark/?firmaid=439ad3bd-f4c4-4148-b321-2f2a02fe8879&standortid=5&standortname=steiermark%20%28bundesland%29&suchbegriff=spediteur
43,E. Rossik Transport & Logistics GmbH,Erwin Rossik; Mladenco-Vladimir Rossik,Erwin Rossik; Mladenco-Vladimir Rossik,Mladenco-Vladimir Rossik; Rossik Holding GmbH; Lukas Dolezal,,https://firmen.wko.at/e-rossik-transport-und-logistics-gmbh-spedition-und-transport/nieder%c3%b6sterreich/?firmaid=59cf87fe-a1bb-4e85-a687-ed0bf5420ab0&standortid=2&standortname=nieder%c3%b6sterreich%20%28bundesland%29&suchbegriff=spediteur
44,DSV Road Austria AG,Nico Puhl,Nico Puhl (Vorstand),DSV Road Holding A/S,,https://firmen.wko.at/dsv-road-austria-ag/burgenland/?firmaid=71de767f-ed1d-4e02-9364-19bc7b7ab2ac&standortid=9&standortname=burgenland%20%28bundesland%29&suchbegriff=spediteur
45,Treu Speditionsgesellschaft m.b.H.,Alexander Müller,Alexander Müller; Bernd Kofler,Alexander Müller,,https://firmen.wko.at/treu-speditionsgesellschaft-mbh/wien/?firmaid=1b53ba61-ef71-4ec5-8426-466ed97ac285&standortid=1&standortname=wien%20%28bundesland%29&suchbegriff=spediteur
46,BGO Logistik & Spedition GmbH,Peter Morawetz; Mario Helfenschneider,DI Peter Morawetz; Mario Helfenschneider,BGO Holding GmbH,,https://firmen.wko.at/bgo-logistik-spedition-gmbh/ober%c3%b6sterreich/?firmaid=9e31a888-e60a-49ff-a76f-c7d45dbeee87&standortid=3&standortname=ober%c3%b6sterreich%20%28bundesland%29&suchbegriff=spediteur
47,Kapeller Internationale Spedition GmbH,Thomas Hafner,Thomas Hafner,Schneider & Cie. AG; Thomas Hafner; Thomas Zangl,,https://firmen.wko.at/kapeller-internationale-spedition-gmbh/tirol/?firmaid=b07e5b48-490e-48db-a9d7-cfef05af9da7&standortid=7&standortname=tirol%20%28bundesland%29&suchbegriff=spediteur
48,DIZZBO GmbH,Peter Baumgartlinger; Robert Köbrunner,Peter Baumgartlinger; Mag. Robert Köbrunner,Current shareholders not established from free Austrian sources,,https://firmen.wko.at/dizzbo-gmbh/ober%c3%b6sterreich/?firmaid=6c2e1052-cef7-4c6d-a103-4d7e5a079098&standortid=3&standortname=ober%c3%b6sterreich%20%28bundesland%29&suchbegriff=spediteur
49,I.L.G. Innovative Logistics Group GmbH,Peter Neuhuber; Wolfgang Klepatsch,Peter Neuhuber; Wolfgang Klepatsch,Wolfgang Klepatsch; Fr. Meyer’s Sohn KG; Rupert Schenz; PNP Immobilien GmbH,,https://firmen.wko.at/ilg-innovative-logistics-group-gmbh/salzburg/?firmaid=cdb4ae6a-40a8-45bb-8b7d-b0f7520f3a32&standortid=4&standortname=salzburg%20%28bundesland%29&suchbegriff=spediteur
50,JERICH Austria GmbH,Herbert Friedrich Jerich,Herbert Friedrich Jerich,Jerich Privatstiftung; Herbert Jerich,,https://firmen.wko.at/jerich-austria-gmbh/steiermark/?firmaid=b7f15057-edca-46f6-adcb-e13dcd00b04a&standortid=5&standortname=steiermark%20%28bundesland%29&suchbegriff=spediteur
51,Kerschner Transporte GmbH,Andreas Kerschner,Mag. Andreas Kerschner,Noerpel SE,,https://firmen.wko.at/kerschner-transporte-gmbh/nieder%c3%b6sterreich/?firmaid=402b87cf-0a25-4b20-b4cf-462af1344d6a&standortid=2&standortname=nieder%c3%b6sterreich%20%28bundesland%29&suchbegriff=spediteur
52,Josef Poscharnegg GmbH,Sandra Poscharnegg; Sabine Poscharnegg; Ulrike Poscharnegg-Kriebernegg,Sandra Poscharnegg; Herbert Moser; Richard Cvörnjek,"PH Holding GmbH; ultimate: Sandra, Sabine, Ulrike Poscharnegg-Kriebernegg",http://www.poscharnegg.at/,https://firmen.wko.at/josef-poscharnegg-gmbh/steiermark/?firmaid=1f10ce0f-48a9-4e53-a0e5-85a6045d75ad&standortid=5&standortname=steiermark%20%28bundesland%29&suchbegriff=spediteur
53,INNIGHT EXPRESS AUSTRIA GmbH,Barbara Dragosits,Barbara Dragosits,Innight Express Management GmbH,,https://firmen.wko.at/innight-express-austria-gmbh/nieder%c3%b6sterreich/?firmaid=4094e2f6-c3da-4e12-b51d-d16c4beaa260&standortid=2&standortname=nieder%c3%b6sterreich%20%28bundesland%29&suchbegriff=spediteur
54,Paul Rudolf Gesellschaft m.b.H.,Paul Rudolf Bierbaumer; Katharina Haller,"Paul Rudolf Bierbaumer; Katharina Anna Haller, MA",Rudolf Privatstiftung; Paul Rudolf; Katharina Haller,,https://firmen.wko.at/paul-rudolf-gesellschaft-mbh/steiermark/?firmaid=21d7bbfd-1c8a-4bc0-95d4-99d3d7593d42&standortid=5&standortname=steiermark%20%28bundesland%29&suchbegriff=spediteur
55,SWIETELSKY Baugesellschaft m.b.H.,Karl Kirchberger; Matthias Schauer,Mag. Karl Kirchberger; Matthias Schauer,Swietelsky AG,,https://firmen.wko.at/swietelsky-baugesellschaft-mbh/nieder%c3%b6sterreich/?firmaid=51f59e88-7897-4f68-b11c-0db010151f6d&standortid=2&standortname=nieder%c3%b6sterreich%20%28bundesland%29&suchbegriff=spediteur
56,Speditionsservice Ranshofen Gesellschaftm.b.H.,Adolf Winkelmeier; Rüdiger Pressler,Adolf Anton Winkelmeier; Mag. (FH) Rüdiger Pressler,M.Preymesser Beteiligungs GmbH; AMAG service GmbH,,https://firmen.wko.at/speditionsservice-ranshofen-gesellschaftmbh/ober%c3%b6sterreich/?firmaid=2a861155-cc49-4f2f-98d6-ceeaedeba073&standortid=3&standortname=ober%c3%b6sterreich%20%28bundesland%29&suchbegriff=spediteur
57,Tirolia Spedition Ges.m.b.H.,Michael Lukasser,Ing. Michael Lukasser,Tirolia Holding GmbH; Michael Lukasser direct,,https://firmen.wko.at/tirolia-spedition-gesmbh/tirol/?firmaid=1f76a3b1-86dc-4b1b-a51a-2ad09621b0ff&standortid=7&standortname=tirol%20%28bundesland%29&suchbegriff=spediteur
58,TRA Logistik GmbH,Rupert Trawöger; Artur Hovhannisyan,Rupert Trawöger; Artur Hovhannisyan,TRA Holding GmbH,,https://firmen.wko.at/tra-logistik-gmbh/ober%c3%b6sterreich/?firmaid=a7625625-ed76-4ea3-a865-f16cfe1ab83a&standortid=3&standortname=ober%c3%b6sterreich%20%28bundesland%29&suchbegriff=spediteur
59,UNITCARGO Speditionsges.m.b.H.,Davor Sertic,Davor Sertic,Davor Sertic,,https://firmen.wko.at/unitcargo-speditionsgesmbh/wien/?firmaid=cf6f7ac6-0f26-4cc0-9bd2-54e9c1a8d4e3&standortid=1&standortname=wien%20%28bundesland%29&suchbegriff=spediteur
60,W. Riedel Silo-Transportgesellschaft m.b.H.,Christian Soos; Robert Mausser; Alexander Waldmüller,DI Christian Soos; Robert Mausser; Ing. Alexander Waldmüller,SR-Silotransport GmbH; Immo Immobilientreuhand; Manfred Adam,,https://firmen.wko.at/w-riedel-silo-transportgesellschaft-mbh/nieder%c3%b6sterreich/?firmaid=2f8b823b-33a2-4e65-b063-a8d0243fb7c7&standortid=2&standortname=nieder%c3%b6sterreich%20%28bundesland%29&suchbegriff=spediteur
61,Neuninger Logistik Service GmbH,Jürgen Neuninger,Jürgen Neuninger,Jürgen Neuninger; Brigitte Neuninger,,https://firmen.wko.at/neuninger-logistik-service-gmbh/ober%c3%b6sterreich/?firmaid=58d0db6a-31cb-4b55-ad72-49614fd45364&standortid=3&standortname=ober%c3%b6sterreich%20%28bundesland%29&suchbegriff=spediteur
62,"Condor - Speditions -, Transportgesellschaft m.b.H. + Co.",Andreas Gfrerer; Ursula Gfrerer; Marion Handlos,Mag. Andreas Gfrerer,Andreas Gfrerer; Ursula Gfrerer; Marion Handlos,,https://firmen.wko.at/condor-speditions-transportgesellschaft-mbh-co/salzburg/?firmaid=0c7adfa0-2546-48dc-83a7-b9cabb54198c&standortid=4&standortname=salzburg%20%28bundesland%29&suchbegriff=spediteur
63,Franz Exenberger GmbH,Alexander Poindl,Alexander Poindl,Alexander Poindl,,https://firmen.wko.at/franz-exenberger-gmbh/tirol/?firmaid=ef2b0ec9-ea35-45d0-8147-7f3ab47fac85&standortid=7&standortname=tirol%20%28bundesland%29&suchbegriff=spediteur
64,ACS Logistics GmbH & Co KG,Thomas Sticht; Gerald Kleeberger; Ulrich Hartwig,Thomas Sticht; Gerald Kleeberger; Ulrich Hartwig,ACS Holding GmbH,,https://firmen.wko.at/acs-logistics-gmbh-co-kg/salzburg/?firmaid=d462cfbf-29f6-4cfe-9304-c3c4c5ef1497&standortid=4&standortname=salzburg%20%28bundesland%29&suchbegriff=spediteur
65,C.H. Robinson Austria GmbH,Roeland Steigerwald; Bastiaan Bleeker; Christopher Gerst,Roeland Johannes Anthonius Steigerwald; Bastiaan Bleeker; Christopher Edward Gerst,C.H. Robinson group,,https://firmen.wko.at/ch-robinson-austria-gmbh/wien/?firmaid=f051f4a4-e7db-4ca3-9e62-86ff434d6408&standortid=1&standortname=wien%20%28bundesland%29&suchbegriff=spediteur
66,CEVA Air & Ocean Austria GmbH,Peter Püringer; Jörg Peter; Vincent Malhaire,Peter Püringer; Jörg Frederik Peter; Vincent Malhaire,CEVA Air & Ocean Austria GmbH,,https://firmen.wko.at/ceva-air-ocean-austria-gmbh/wien/?firmaid=6e1c0427-f714-4ec8-ab0b-4ed70790199f&standortid=1&standortname=wien%20%28bundesland%29&suchbegriff=spediteur
67,Ceva Logistics Austria GmbH,Norbert Baumann; Roman Vašš,Norbert Baumann; Roman Vašš,Normeston Group Cyprus Limited,,https://firmen.wko.at/ceva-logistics-austria-gmbh/nieder%c3%b6sterreich/?firmaid=16a3b56f-8057-459b-a187-ec1309802e21&standortid=2&standortname=nieder%c3%b6sterreich%20%28bundesland%29&suchbegriff=spediteur
68,DHL Freight - DHL Logistics (Austria) GmbH,Michael Rolle; Katrin Hölter,Michael Rolle; Katrin Hölter,Deutsche Post Beteiligungen Holding GmbH,,https://firmen.wko.at/dhl-logistics-austria-gmbh/wien/?firmaid=7d37b15f-1314-4328-8be7-e4e82296602a&standortid=1&standortname=wien%20%28bundesland%29&suchbegriff=spediteur
69,Hadolt Transport und Logistik GmbH,Katharina Hadolt; Rolf Hadolt; Felix Hadolt,Rolf Hadolt; Felix Hadolt,Katharina Hadolt,,https://firmen.wko.at/hadolt-transport-und-logistik-gmbh/steiermark/?firmaid=297bd4bb-7d49-4fdc-aa3b-ff85467e2ec7&standortid=5&standortname=steiermark%20%28bundesland%29&suchbegriff=spediteur
70,Hapag-Lloyd (Austria) GmbH,Mark Biro; Marc-Simon Vick,Mark Biro; Marc-Simon Vick,Hapag-Lloyd AG,,https://firmen.wko.at/hapag-lloyd-austria-gmbh/wien/?firmaid=af00e61d-80fb-477f-9b39-165442fa0b3f&standortid=1&standortname=wien%20%28bundesland%29&suchbegriff=spediteur
71,Hellmann Worldwide Logistics GmbH,Piotr Zaleski; Parthasarathy Rangachari; Rainer Mittl,Piotr Zaleski; Parthasarathy Rangachari; Rainer Mittl,Hellmann Worldwide Logistics Limited,,https://firmen.wko.at/hellmann-worldwide-logistics-gmbh/wien/?firmaid=55404adf-0124-460d-a9cd-4c9aebd2f005&standortid=1&standortname=wien%20%28bundesland%29&suchbegriff=spediteur
72,Hermes Logistik GmbH & Co KG,Patryk Hopenthaler; Philip Weiskopf,Patryk Hopenthaler; Philip Weiskopf,Hermes Zweite Beteiligungs-Verwaltungsgesellschaft mbH,,https://firmen.wko.at/hermes-logistik-gmbh-co-kg/nieder%c3%b6sterreich/?firmaid=241bc94e-a953-45ae-a1e5-70b59a2957bb&standortid=2&standortname=nieder%c3%b6sterreich%20%28bundesland%29&suchbegriff=spediteur
73,Hofmann & Neffe GmbH,Peter Hofmann; Michael Hofmann,Peter Hofmann; Michael Hofmann,Hofmann Immobilien und Logistik GmbH,,https://firmen.wko.at/hofmann-neffe-gmbh/ober%c3%b6sterreich/?firmaid=9c6d397a-3c0a-4887-ad70-d931ebd12fef&standortid=3&standortname=ober%c3%b6sterreich%20%28bundesland%29&suchbegriff=spediteur
74,Hoyer Austria Internationale Fachspedition Gesellschaft m.b.H.,Axel Remplewski; Gedeon Tabanyi,Axel Remplewski; Gedeon György Tabanyi,Hoyer GmbH Internationale Fachspedition,,https://firmen.wko.at/hoyer-austria-internationale-fachspedition-gesellschaft-mbh/wien/?firmaid=5a3d44e6-57cd-4994-a02b-9b3ed6472865&standortid=1&standortname=wien%20%28bundesland%29&suchbegriff=spediteur
75,LAGRAN Lager- und Transport Ges.m.b.H.,Franz Feldgrill; Manfred Auer; Johannes Ramharter; Ferdinand Feldgrill,Franz Feldgrill; Manfred Auer; Johannes Ramharter; Ferdinand Feldgrill,LAGRAN Verwaltungs GmbH; Siegfried Schöffauer; Karin Schöffauer; Franz Feldgrill; others,,https://firmen.wko.at/lagran-lager-und-transport-gesmbh/nieder%c3%b6sterreich/?firmaid=438f3f5d-304d-4c5c-8f8f-b71a2eeffaf1&standortid=2&standortname=nieder%c3%b6sterreich%20%28bundesland%29&suchbegriff=spediteur
76,Müller Transporte Gesellschaft m.b.H.,Volker Auer,Volker Auer,Lagermax Logistics Austria GmbH,,https://firmen.wko.at/m%c3%bcller-transporte-gesellschaft-mbh/nieder%c3%b6sterreich/?firmaid=e004b2d4-a8b1-4e1d-8ea0-cfcba29c80f7&standortid=2&standortname=nieder%c3%b6sterreich%20%28bundesland%29&suchbegriff=spediteur
77,KUNSTTRANS Spedition GmbH,Birgit Vikas; Andreas Kratohwil,Birgit Vikas; Andreas Kratohwil,Kunsttrans Holding GmbH,,https://firmen.wko.at/kunsttrans-spedition-gmbh/steiermark/?firmaid=1234fc8c-c2ad-4156-ad5f-dd32dd7c46c6&standortid=5&standortname=steiermark%20%28bundesland%29&suchbegriff=spediteur
78,L.T.W.-Transportgesellschaft mbH & Co KG,Norbert Wenzel; Elisabeth Leitner,Norbert Wenzel,Elisabeth Leitner; Wenzel Holding GmbH,,https://firmen.wko.at/ltw-transportgesellschaft-mbh-co-kg/ober%c3%b6sterreich/?firmaid=3be5dac4-e28d-4796-b36f-28ed05655499&standortid=3&standortname=ober%c3%b6sterreich%20%28bundesland%29&suchbegriff=spediteur
79,Maillog Richter & Weiner Ges.m.b.H.,Markus Richter; Roland Weiner,Markus Richter; Roland Weiner,Markus Richter; Roland Weiner,,https://firmen.wko.at/maillog-richter-und-weiner-gesmbh/wien/?firmaid=fae681e6-fc1f-4091-8322-53fb66f2bdea&standortid=1&standortname=wien%20%28bundesland%29&suchbegriff=spediteur
80,MALCAMPO Transporte GmbH,Martin Cancola; Ulla Cancola,Ulla Cancola,Cancola Management Consulting GmbH; Martin Cancola direct,,https://firmen.wko.at/malcampo-transporte-gmbh/ober%c3%b6sterreich/?firmaid=3054cc91-4db0-4b88-817b-00b2ef928cbb&standortid=3&standortname=ober%c3%b6sterreich%20%28bundesland%29&suchbegriff=spediteur
81,Platzer & Co. Internationale Transporte Gesellschaft m.b.H.,Markus Rolf Platzer; Markus Platzer,Markus Rolf Platzer; Markus Platzer,Markus Rolf Platzer; Markus Platzer,,https://firmen.wko.at/platzer-co-internationale-transporte-gesellschaft-mbh/steiermark/?firmaid=81b1a23e-02f3-45dd-a971-92974ca0bf09&standortid=5&standortname=steiermark%20%28bundesland%29&suchbegriff=spediteur
82,R & W Internationale Speditionsgesellschaft m.b.H.,Anton Wallinger; Gerald Roider; Roland Schmolz,Anton Wallinger,Anton Wallinger; Gerald Roider; Roland Schmolz,,https://firmen.wko.at/r-w-internationale-speditionsgesellschaft-mbh/nieder%c3%b6sterreich/?firmaid=6697188d-a1ff-498e-b9fc-9be712a125f0&standortid=2&standortname=nieder%c3%b6sterreich%20%28bundesland%29&suchbegriff=spediteur
83,R & W SPEDITION-LOGISTIC GMBH,Anton Wallinger; Gerald Roider; Roland Schmolz,Anton Wallinger,Anton Wallinger; Gerald Roider; Roland Schmolz,,https://firmen.wko.at/r-und-w-spedition-logistic-gmbh/nieder%c3%b6sterreich/?firmaid=a679db19-3226-413c-ac87-95f5bc23a21e&standortid=2&standortname=nieder%c3%b6sterreich%20%28bundesland%29&suchbegriff=spediteur
84,ROLAND Internationale Spedition GmbH,Christian Gutjahr; Nikolaus Hirnschall,Christian Gutjahr; Mag. Nikolaus Hirnschall,Hera Logistics Holding GmbH; NHCG Beteiligungs GmbH,,https://firmen.wko.at/roland-internationale-spedition-gmbh/ober%c3%b6sterreich/?firmaid=4249e922-7fc9-423c-8536-988724a9cb80&standortid=3&standortname=ober%c3%b6sterreich%20%28bundesland%29&suchbegriff=spediteur
85,Schneckenreither Internationale Spedition GmbH,Sonja Schneckenreither; Gerhard Gschwendtner,"Sonja Schneckenreither, BSc; Gerhard Gschwendtner, MBA",SAW-Holding GmbH; Gerhard Roithner,,https://firmen.wko.at/schneckenreither-internationale-spedition-gmbh/ober%c3%b6sterreich/?firmaid=6c51d5f5-2de8-43c3-834b-7be334d1f30f&standortid=3&standortname=ober%c3%b6sterreich%20%28bundesland%29&suchbegriff=spediteur
86,Spedition Böntner GmbH,Karl Böntner,Mag. Karl Böntner jun.,BÖNTNER Holding GmbH,,https://firmen.wko.at/spedition-b%c3%b6ntner-gmbh/ober%c3%b6sterreich/?firmaid=6f8f4c14-453b-49ea-aa57-9179f97bc80d&standortid=3&standortname=ober%c3%b6sterreich%20%28bundesland%29&suchbegriff=spediteur
87,Spedition Engel Mayr GmbH,Valentin Peklar; Peter Schneider,Mag. Valentin Peklar; Peter Schneider,VITAIRA AcquiCo 01 Austria GmbH,,https://firmen.wko.at/spedition-engel-mayr-gmbh/ober%c3%b6sterreich/?firmaid=f08647cb-4461-4970-9004-948181c53cfa&standortid=3&standortname=ober%c3%b6sterreich%20%28bundesland%29&suchbegriff=spediteur
88,Spedition Sobolak Internationale Transporte Ges.m.b.H.,Peter Sobolak; Jutta Sobolak,Jutta Sobolak,Peter Sobolak,,https://firmen.wko.at/spedition-sobolak-internationale-transporte-gesmbh/nieder%c3%b6sterreich/?firmaid=14db37c7-d8c9-41ec-92c3-4ed16cd178e8&standortid=2&standortname=nieder%c3%b6sterreich%20%28bundesland%29&suchbegriff=spediteur
89,Spedition Lang GesmbH,Karin Lang,Karin Lang,Karin Lang,,https://firmen.wko.at/spedition-lang-gesmbh/nieder%c3%b6sterreich/?firmaid=72a5f9d1-34ad-4b6c-b559-cb3a209ff673&standortid=2&standortname=nieder%c3%b6sterreich%20%28bundesland%29&suchbegriff=spediteur
90,Spedition MURNIG Kommanditgesellschaft,Brigitte Elke Murnig,Brigitte Elke Murnig,Brigitte Elke Murnig (Komplementärin); Dr. Florian Walther (Kommanditist),,https://firmen.wko.at/spedition-murnig-kommanditgesellschaft/k%c3%a4rnten/?firmaid=7a577184-64c8-4bbb-9700-c4d4d44ff932&standortid=6&standortname=k%c3%a4rnten%20%28bundesland%29&suchbegriff=spediteur
91,STARK Internationale Transporte Gesellschaft m.b.H.,Christian Höllwarth,Christian Höllwarth,Intertrans Beteiligung GmbH,,https://firmen.wko.at/stark-internationale-transporte-gesellschaft-mbh/tirol/?firmaid=883d8d1d-a3de-4ac8-90bb-1c755d2858cb&standortid=7&standortname=tirol%20%28bundesland%29&suchbegriff=spediteur
92,SUXESS LOGISTIC GmbH,Zsuzsanna Schenk; Hüseyin Metin Öllinger,Zsuzsanna Schenk; Hüseyin Metin Öllinger,Zsuzsanna Schenk; HMG Holding GmbH,,https://firmen.wko.at/suxess-logistic-gmbh/nieder%c3%b6sterreich/?firmaid=1729194c-80e5-4712-bb78-d010d73915a9&standortid=2&standortname=nieder%c3%b6sterreich%20%28bundesland%29&suchbegriff=spediteur
93,UPS SCS (Austria) Logistic GmbH,Susanne Klingler-Werner,Susanne Klingler-Werner,UPS Logistics Group International B.V.,,https://firmen.wko.at/ups-scs-austria-logistic-gmbh/nieder%c3%b6sterreich/?firmaid=2b88929d-0807-42d1-af6b-8a99010cfca3&standortid=2&standortname=nieder%c3%b6sterreich%20%28bundesland%29&suchbegriff=spediteur
94,VOGTRANS Speditions- und Verpackungsgesellschaft m.b.H.,Andreas Pirschl; Matthias Ritzberger,Andreas Pirschl; Mag. Matthias Ritzberger,VOG Einfuhr und Großhandel AG,,https://firmen.wko.at/vogtrans-speditions-und-verpackungsgesellschaft-mbh/ober%c3%b6sterreich/?firmaid=b67934ad-b01d-4f6c-95e6-3ee5356c4ac9&standortid=3&standortname=ober%c3%b6sterreich%20%28bundesland%29&suchbegriff=spediteur
95,Wolfsgruber Logistik GmbH,Franz Wolfsgruber; Johann Franz Wolfsgruber,Franz Wolfsgruber; Johann Franz Wolfsgruber jr.,Wolfsgruber Holding GmbH; ultimate private owners Franz/Johann/Johann Franz Wolfsgruber,,https://firmen.wko.at/wolfsgruber-logistik-gmbh/steiermark/?firmaid=24bbd239-2cff-4280-b55f-8c0d9e3d5ca1&standortid=5&standortname=steiermark%20%28bundesland%29&suchbegriff=spediteur
96,Zugvogel Speditions GmbH,Matthias Fischer; Achim Obkircher,Matthias Fischer; Achim Obkircher,Zugvogel Holding GmbH,,https://firmen.wko.at/zugvogel-speditions-gmbh/tirol/?firmaid=7f832ad6-67e5-4d03-a897-fce9d65a692f&standortid=7&standortname=tirol%20%28bundesland%29&suchbegriff=spediteur
97,Rhenus Logistics Austria GmbH,Patrick Schäffer; Thomas Doblinger,Patrick Schäffer; Thomas Doblinger,Rhenus Beteiligungs GmbH,,https://firmen.wko.at/rhenus-logistics-austria-gmbh/nieder%c3%b6sterreich/?firmaid=8346cd46-4cff-41db-bb2e-af8303e76e69&standortid=2&standortname=nieder%c3%b6sterreich%20%28bundesland%29&suchbegriff=spediteur
98,Lagermax Lagerhaus und Speditions Aktiengesellschaft,Thomas Baumgartner; Alexander Friesz,Thomas Baumgartner; Alexander Friesz (Vorstand),Baumgartner Privatstiftung; Urs Meister; Alexander Friesz; Michou Friesz; Anja Rabitsch; Ingrid Friesz-Meraner; others,,https://firmen.wko.at/lagermax-lagerhaus-und-speditions-aktiengesellschaft/salzburg/?firmaid=b3849ccd-8cf0-4ee1-8ce5-152ae5cacbaf&standortid=4&standortname=salzburg%20%28bundesland%29&suchbegriff=spediteur
99,Augustin Quehenberger Group GmbH,Klaus Hrazdira; Robert Hartmann; Christian Fürstaller,Klaus Hrazdira; Robert Hartmann,AUGUSTIN QUEHENBERGER GROUP GMBH,,https://firmen.wko.at/augustin-quehenberger-group-gmbh/salzburg/?firmaid=4bd31527-8a5e-4fed-9789-645fdf73c116&standortid=4&standortname=salzburg%20%28bundesland%29&suchbegriff=spediteur
100,LOG-IN Logistik GmbH,Klaus Hrazdira,Klaus Hrazdira,CF Logistics GmbH,,https://firmen.wko.at/log-in-logistik-gmbh/salzburg/?firmaid=36aaf61a-a283-48fa-ae2c-c61f983fbc3f&standortid=4&standortname=salzburg%20%28bundesland%29&suchbegriff=spediteur
101,Quehenberger Air + Ocean GmbH,Rodolphe Schoettel; Klaus Hrazdira; Christian Fürstaller,Rodolphe Schoettel; Klaus Hrazdira,AUGUSTIN QUEHENBERGER GROUP GMBH,,https://firmen.wko.at/quehenberger-air-ocean-gmbh/salzburg/?firmaid=33b45da4-137b-475d-9a99-59f5ac815b7a&standortid=4&standortname=salzburg%20%28bundesland%29&suchbegriff=spediteur
102,Quehenberger Logistics GmbH,Christian Fürstaller; Rodolphe Schoettel,Christian Fürstaller; Rodolphe Schoettel; Andreas Letsch; Klaus Hrazdira; Alexander Piwonka,AUGUSTIN QUEHENBERGER GROUP GMBH,,https://firmen.wko.at/quehenberger-logistics-gmbh/salzburg/?firmaid=5a305101-c492-4b36-bd6a-66ccccfe7b7b&standortid=4&standortname=salzburg%20%28bundesland%29&suchbegriff=spediteur
103,Deufol Austria GmbH,Johannes Rieder; Jürgen Hillen; Ebrahem Al Kadari,Johannes Rieder; Jürgen Hillen; Ebrahem Al Kadari,Deufol Austria Management GmbH,,https://firmen.wko.at/deufol-austria-gmbh/nieder%c3%b6sterreich/?firmaid=ea903386-e913-4fbc-8106-1e6644f352ab&standortid=2&standortname=nieder%c3%b6sterreich%20%28bundesland%29&suchbegriff=spediteur
104,Hillebrand Gori Austria GmbH,Mehmet Kalkan; Søren Nymann,Mehmet Kalkan; Søren Nymann,Hillebrand Gori Group GmbH,,https://firmen.wko.at/hillebrand-gori-austria-gmbh/wien/?firmaid=7694249b-927d-4928-b60c-56d2db58105c&standortid=1&standortname=wien%20%28bundesland%29&suchbegriff=spediteur
105,Hödlmayr High & Heavy GmbH,Helmut Zwirner; Markus Formann; Michael Wöckinger; Martin Steinkellner,Helmut Zwirner; Markus Formann; Michael Wöckinger; Martin Steinkellner,Hödlmayr International GmbH,,https://firmen.wko.at/h%c3%b6dlmayr-high-heavy-gmbh/ober%c3%b6sterreich/?firmaid=56fa2dc4-1478-4351-93aa-a2d99461510f&standortid=3&standortname=ober%c3%b6sterreich%20%28bundesland%29&suchbegriff=spediteur
106,TEK TRANSPORT s.r.o.,Martin Anthony Bittner,Martin Anthony Bittner,European Cargo Services S.A.,,https://firmen.wko.at/tek-transport-sro/nieder%c3%b6sterreich/?firmaid=73987aaa-6025-4f03-883c-c689609130f0&standortid=2&standortname=nieder%c3%b6sterreich%20%28bundesland%29&suchbegriff=spediteur
107,REICHHART Logistik Austria GmbH,Alexander Reichhart,Alexander Reichhart,Avallonis Beteiligungs GmbH,,https://firmen.wko.at/reichhart-logistik-austria-gmbh/nieder%c3%b6sterreich/?firmaid=03057462-2f28-4a92-a4f8-ab65f5dedee4&standortid=2&standortname=nieder%c3%b6sterreich%20%28bundesland%29&suchbegriff=spediteur
108,Schachinger Logistik GmbH,Maximilian Schachinger; Ehrenfried Werderits; Günther Gfrerrer; Andreas Pesenhofer,Ehrenfried Werderits; Günther Gfrerrer; Andreas Pesenhofer,1-0-1 GmbH; Schachinger Familienprivatstiftung; Maximilian Schachinger,,https://firmen.wko.at/schachinger-logistik-gmbh/ober%c3%b6sterreich/?firmaid=624eeb11-0402-4acb-b47a-6a9f46933da9&standortid=3&standortname=ober%c3%b6sterreich%20%28bundesland%29&suchbegriff=spediteur
109,G. Englmayer Transport GmbH,Andreas Gaber,Andreas Gaber,WIESINGER Privatstiftung,,https://firmen.wko.at/genglmayer-transport-gmbh/nieder%c3%b6sterreich/?firmaid=0aec2c1a-50c4-4b23-bb0a-c3ef41a70f80&standortid=2&standortname=nieder%c3%b6sterreich%20%28bundesland%29&suchbegriff=spediteur
110,Gebrüder Weiss Paketdienst Gesellschaft m.b.H.,Andreas Winkelmayer; Daniel Neumann; Peter Schafleitner,Andreas Winkelmayer; Daniel Neumann; Peter Schafleitner,Gebrüder Weiss Gesellschaft m.b.H.; GW BeteiligungsGmbH,,https://firmen.wko.at/gebr%c3%bcder-weiss-paketdienst-gesellschaft-mbh/nieder%c3%b6sterreich/?firmaid=0c50bef1-c9d8-4f1d-813d-3518517dd16a&standortid=2&standortname=nieder%c3%b6sterreich%20%28bundesland%29&suchbegriff=spediteur
111,Gebrüder Weiss Transport Logistik GmbH,Alexander Wolf; Alexander Eberharter,Alexander Wolf; Alexander Eberharter,Gebrüder Weiss Gesellschaft m.b.H.,,https://firmen.wko.at/gebr%c3%bcder-weiss-transport-logistik-gmbh/nieder%c3%b6sterreich/?firmaid=8e08ea0b-28a1-413f-bb26-92a7cc89ace2&standortid=2&standortname=nieder%c3%b6sterreich%20%28bundesland%29&suchbegriff=spediteur
112,SAW International GmbH,Sonja Schneckenreither; Hermann Hofstätter,"Hermann Hofstätter; Sonja Schneckenreither, BSc",AJS Privatstiftung,,https://firmen.wko.at/saw-international-gmbh/ober%c3%b6sterreich/?firmaid=4ddbdaf8-8c97-4656-a066-52f0472c721f&standortid=3&standortname=ober%c3%b6sterreich%20%28bundesland%29&suchbegriff=spediteur
113,Wattaul Air Cargo Gesellschaft m.b.H.,Erwin Wattaul; Johann Wattaul,"Erwin Wattaul, MBA, MSc; Johann Wattaul",GWH Gebrüder Wattaul Holding GmbH,,https://firmen.wko.at/wattaul-air-cargo-gesellschaft-mbh/nieder%c3%b6sterreich/?firmaid=7197910a-b196-44f4-bc81-a99a9b050204&standortid=2&standortname=nieder%c3%b6sterreich%20%28bundesland%29&suchbegriff=spediteur
114,Innofreight Speditions GmbH,Primoz Rauter; Petr Valach,Primoz Rauter; Petr Valach,INNOFREIGHT Consulting & Logistics GmbH,,https://firmen.wko.at/innofreight-speditions-gmbh/steiermark/?firmaid=c3de8bcf-e18e-445b-a5dc-2a20329484d0&standortid=5&standortname=steiermark%20%28bundesland%29&suchbegriff=spediteur
115,Nippon Express Europe GmbH,Luca Ferrara; Toshihide Kishimoto; Christoph Stein,Luca Ferrara; Toshihide Kishimoto; Mag. Christoph Stein,Nippon Express (Europe) GmbH,,https://firmen.wko.at/nippon-express-europe-gmbh/nieder%c3%b6sterreich/?firmaid=1486efdc-ad02-4005-aa1e-e25d29213285&standortid=2&standortname=nieder%c3%b6sterreich%20%28bundesland%29&suchbegriff=spediteur
116,Hödlmayr Rail Logistics GmbH,Viktor Beer,"Mag. Viktor Beer, MBA",Hödlmayr International GmbH,,https://firmen.wko.at/h%c3%b6dlmayr-rail-logistics-gmbh/ober%c3%b6sterreich/?firmaid=4d122f16-477a-436c-b93f-54ccb5d3f8d4&standortid=3&standortname=ober%c3%b6sterreich%20%28bundesland%29&suchbegriff=spediteur
117,EUROTRANS Handelsgesellschaft m.b.H.,Werner Sitzmann; Richard Kühholzer,"Werner Sitzmann; Richard Kühholzer, MBA",ERC Group GmbH; SHARK Holding GmbH,,https://firmen.wko.at/eurotrans-handelsgesellschaft-mbh/salzburg/?firmaid=74dc0db3-86c7-4d25-9255-e5894463da87&standortid=4&standortname=salzburg%20%28bundesland%29&suchbegriff=spediteur
118,BÖNTNER Holding GmbH,Karl Böntner,Mag. Karl Böntner jun.,BÖNTNER Holding GmbH,,https://firmen.wko.at/b%c3%b6ntner-holding-gmbh/ober%c3%b6sterreich/?firmaid=5a831553-111c-4b50-abf0-b9a6975fc09a&standortid=3&standortname=ober%c3%b6sterreich%20%28bundesland%29&suchbegriff=spediteur
