no	company_name	group_name	group_key	website	wko_url	process_fit_class	size_class
1	Bundesimmobiliengesellschaft m.b.H.	Bundesimmobiliengesellschaft m.b.H.	BIG group	http://www.big.at/	https://firmen.wko.at/bundesimmobiliengesellschaft-mbh/salzburg/?firmaid=f7c879d8-490a-4266-9e0c-4cf7464be9d4&standortid=4&standortname=salzburg%20%28bundesland%29&suchbegriff=immobilienverwalter	ADD_TO_SALES_POOL	E_ADJACENT_30_PLUS
2	GWS Bau- und Verwaltungsgesellschaft m.b.H.	GWS Bau- und Verwaltungsgesellschaft m.b.H.	GWS Bau- und Verwaltungsgesellschaft m.b.H.	http://www.gws-exklusiv.at/	https://firmen.wko.at/gws-bau-und-verwaltungsgesellschaft-mbh/steiermark/?firmaid=e6e3e12a-86b4-44e3-a38f-49ba68475820&standortid=5&standortname=steiermark%20%28bundesland%29&suchbegriff=immobilienverwalter	PRIMARY_CORE	A_CORE_30_PLUS_DIRECT
3	Kaiserer Immobilien und Hausverwaltungs GmbH	Kaiserer Immobilien und Hausverwaltungs GmbH	Kaiserer Immobilien und Hausverwaltungs GmbH	http://www.kaiserer.at/	https://firmen.wko.at/kaiserer-immobilien-und-hausverwaltungs-gmbh/tirol/?firmaid=b9e7f7f1-17ea-40a5-a187-612ad6a1b632&standortid=7&standortname=tirol%20%28bundesland%29&suchbegriff=immobilienverwalter	PRIMARY_CORE	D_CORE_RECALL_11_30
4	PÜHRINGER Hausverwaltung & Immobilien GmbH & Co KG	PÜHRINGER Hausverwaltung & Immobilien GmbH & Co KG	PÜHRINGER Hausverwaltung & Immobilien GmbH & Co KG		https://firmen.wko.at/p%c3%9chringer-hausverwaltung-und-immobilien-gmbh-und-co-kg/tirol/?firmaid=6cedac63-45ff-49c7-b18a-5b6f07252d55&standortid=7&standortname=tirol%20%28bundesland%29&suchbegriff=immobilienverwalter	PRIMARY_CORE	C_CORE_20_PLUS_RANGE
5	VIVIR Holding GmbH	VIVIR Holding GmbH	VIVIR Holding GmbH	http://www.vivir-holding.at/	https://firmen.wko.at/vivir-holding-gmbh-vivir-holdingat/ober%c3%b6sterreich/?firmaid=26646e63-0c26-48b2-ae19-de1481beb92a&standortid=3&standortname=ober%c3%b6sterreich%20%28bundesland%29&suchbegriff=immobilienverwalter	ADD_TO_SALES_POOL	E_ADJACENT_30_PLUS
6	BUWOG - Bauen und Wohnen Gesellschaft mbH	BUWOG - Bauen und Wohnen Gesellschaft mbH	BUWOG group	http://www.buwog.at/	https://firmen.wko.at/buwog-bauen-und-wohnen-gesellschaft-mbh/salzburg/?firmaid=431cb0a6-d8ea-407d-ba26-0a4f38714c17&standortid=4&standortname=salzburg%20%28bundesland%29&suchbegriff=immobilienverwalter	PRIMARY_CORE	B_CORE_30_PLUS_GROUP
7	Hammerl Immobilien Management GmbH	Hammerl Immobilien Management GmbH	Hammerl Immobilien Management GmbH	http://hammerl.at/	https://firmen.wko.at/hammerl-immobilien-management-gmbh/wien/?firmaid=45e08b32-768a-442c-88b0-d46c39e7971d&standortid=1&standortname=wien%20%28bundesland%29&suchbegriff=immobilienverwalter	PRIMARY_CORE	C_CORE_20_PLUS_RANGE
8	KALA Immobilienmanagement GmbH	KALA Immobilienmanagement GmbH	KALA Immobilienmanagement GmbH		https://firmen.wko.at/kala-immobilienmanagement-gmbh/ober%c3%b6sterreich/?firmaid=02b59784-8383-4778-ab3d-9f4269796431&standortid=3&standortname=ober%c3%b6sterreich%20%28bundesland%29&suchbegriff=immobilienverwalter	PRIMARY_CORE	D_CORE_RECALL_11_30
9	Raiffeisen Realitäten Betreuung Tirol GmbH	Raiffeisen Realitäten Betreuung Tirol GmbH	Raiffeisen Realitäten Betreuung Tirol GmbH		https://firmen.wko.at/raiffeisen-realit%c3%a4ten-betreuung-tirol-gmbh/tirol/?firmaid=58a6068a-c7cb-4d7d-8c99-54835331d4fa&standortid=7&standortname=tirol%20%28bundesland%29&suchbegriff=immobilienverwalter	PRIMARY_CORE	C_CORE_20_PLUS_RANGE
10	WAG Wohnungsanlagen Gesellschaft m.b.H.	WAG Wohnungsanlagen Gesellschaft m.b.H.	WAG Wohnungsanlagen Gesellschaft m.b.H.	http://www.wag.at/	https://firmen.wko.at/wag-wohnungsanlagen-gesellschaft-mbh/salzburg/?firmaid=e42cf0aa-9bb1-4309-969b-1418bbc090e1&standortid=4&standortname=salzburg%20%28bundesland%29&suchbegriff=immobilienverwalter	PRIMARY_CORE	A_CORE_30_PLUS_DIRECT
11	AREALIS Liegenschaftsmanagement GmbH	AREALIS Liegenschaftsmanagement GmbH	AREALIS Liegenschaftsmanagement GmbH	http://www.arealis.at/	https://firmen.wko.at/arealis-liegenschaftsmanagement-gmbh/wien/?firmaid=bb57aedf-9e61-488c-90ec-341d932136ae&standortid=1&standortname=wien%20%28bundesland%29&suchbegriff=immobilienverwalter	PRIMARY_CORE	A_CORE_30_PLUS_DIRECT
12	FLE GmbH	FLE GmbH	FLE GmbH		https://firmen.wko.at/fle-gmbh/wien/?firmaid=7dfc7864-809d-4186-b383-5ae15c289bd3&standortid=1&standortname=wien%20%28bundesland%29&suchbegriff=immobilienverwalter	ADD_TO_SALES_POOL	E_ADJACENT_30_PLUS
13	Immobilienverwaltung Mag. Alois Rosenberger GmbH	Immobilienverwaltung Mag. Alois Rosenberger GmbH	Immobilienverwaltung Mag. Alois Rosenberger GmbH	https://www.iv-ro.at/	https://firmen.wko.at/immobilienverwaltung-mag-alois-rosenberger-gmbh-immobilienverwaltung-rosenberger/wien/?firmaid=6d7c802b-1c76-4ed6-a1ab-7f8eb02b1a92&standortid=1&standortname=wien%20%28bundesland%29&suchbegriff=immobilienverwalter	PRIMARY_CORE	A_CORE_30_PLUS_DIRECT
14	OM Objektmanagement GmbH	OM Objektmanagement GmbH	OM Objektmanagement GmbH		https://firmen.wko.at/om-objektmanagement-gmbh/salzburg/?firmaid=876f338d-ac6c-492f-955a-75f189c79885&standortid=4&standortname=salzburg%20%28bundesland%29&suchbegriff=immobilienverwalter	PRIMARY_CORE	A_CORE_30_PLUS_DIRECT
15	Stadt Wien - Wiener Wohnen Kundenservice GmbH	Stadt Wien - Wiener Wohnen Kundenservice GmbH	Stadt Wien - Wiener Wohnen Kundenservice GmbH		https://firmen.wko.at/stadt-wien-wiener-wohnen-kundenservice-gmbh/wien/?firmaid=6d3a9567-4ce0-428f-8f49-1cf77a313b02&standortid=1&standortname=wien%20%28bundesland%29&suchbegriff=immobilienverwalter	ADD_TO_SALES_POOL	E_ADJACENT_30_PLUS
16	Wohnfit Hausverwaltungs GmbH	Wohnfit Hausverwaltungs GmbH	teamneunzehn group		https://firmen.wko.at/wohnfit-hausverwaltungs-gmbh/wien/?firmaid=6589f8fb-70b0-49d0-8bf5-9938014d8527&standortid=1&standortname=wien%20%28bundesland%29&suchbegriff=immobilienverwalter	PRIMARY_CORE	B_CORE_30_PLUS_GROUP
17	at home FM Services GmbH	at home FM Services GmbH	at home FM Services GmbH		https://firmen.wko.at/at-home-fm-services-gmbh/wien/?firmaid=1b4d9f0a-4662-4913-8875-01224abd1df4&standortid=1&standortname=wien%20%28bundesland%29&suchbegriff=immobilienverwalter	ADD_TO_SALES_POOL	E_ADJACENT_30_PLUS
18	GBG Gebäude- und Baumanagement Graz GmbH	GBG Gebäude- und Baumanagement Graz GmbH	GBG Gebäude- und Baumanagement Graz GmbH	http://www.gbg.graz.at/	https://firmen.wko.at/gbg-geb%c3%a4ude-und-baumanagement-graz-gmbh/steiermark/?firmaid=9e5b77c7-357a-45b6-963e-6e35837325e6&standortid=5&standortname=steiermark%20%28bundesland%29&suchbegriff=immobilienverwalter	ADD_TO_SALES_POOL	E_ADJACENT_30_PLUS
19	Ing. Werner Wilhelm Bayer	Ing. Werner Wilhelm Bayer	Ing. Werner Wilhelm Bayer	http://www.svbayer.at/	https://firmen.wko.at/ing-werner-wilhelm-bayer/burgenland/?firmaid=4205006d-0577-4ffd-8f93-1d689e906979&standortid=9&standortname=burgenland%20%28bundesland%29&suchbegriff=immobilienverwalter	PRIMARY_CORE	D_CORE_RECALL_11_30
20	PMV Immobilien Management GmbH	PMV Immobilien Management GmbH	PMV Immobilien Management GmbH		https://firmen.wko.at/pmv-immobilien-management-gmbh/nieder%c3%b6sterreich/?firmaid=c4916f64-6ef3-4734-bb82-7f766585b87d&standortid=2&standortname=nieder%c3%b6sterreich%20%28bundesland%29&suchbegriff=immobilienverwalter	PRIMARY_CORE	A_CORE_30_PLUS_DIRECT
21	Supernova Invest GmbH	Supernova Invest GmbH	Supernova Invest GmbH		https://firmen.wko.at/supernova-invest-gmbh/steiermark/?firmaid=67cb3908-ab37-401e-bacf-b2226a9e2757&standortid=5&standortname=steiermark%20%28bundesland%29&suchbegriff=immobilienverwalter	ADD_TO_SALES_POOL	E_ADJACENT_30_PLUS
22	Zurich Immobilien Liegenschaftsverwaltungs-GesmbH	Zurich Immobilien Liegenschaftsverwaltungs-GesmbH	Zurich Immobilien Liegenschaftsverwaltungs-GesmbH		https://firmen.wko.at/zurich-immobilien-liegenschaftsverwaltungs-gesmbh/wien/?firmaid=d8edbf56-e59f-44ef-9ac7-3ecc6e1d917a&standortid=1&standortname=wien%20%28bundesland%29&suchbegriff=immobilienverwalter	ADD_TO_SALES_POOL	E_ADJACENT_30_PLUS
23	AI Immobilienverwertung GmbH.	AI Immobilienverwertung GmbH.	AI Immobilienverwertung GmbH.	http://www.apk.at/aiig	https://firmen.wko.at/ai-immobilienverwertung-gmbh/ober%c3%b6sterreich/?firmaid=d8d355d2-e516-4ab3-90e2-2d6ba243cc0c&standortid=3&standortname=ober%c3%b6sterreich%20%28bundesland%29&suchbegriff=immobilienverwalter	ADD_TO_SALES_POOL	E_ADJACENT_30_PLUS
24	Dr. Martin Schober Immobilienverwaltung GmbH	Dr. Martin Schober Immobilienverwaltung GmbH	Dr. Martin Schober Immobilienverwaltung GmbH		https://firmen.wko.at/dr-martin-schober-immobilienverwaltung-gmbh/nieder%c3%b6sterreich/?firmaid=42161173-caf0-44f5-96e1-8e79f03c87d6&standortid=2&standortname=nieder%c3%b6sterreich%20%28bundesland%29&suchbegriff=immobilienverwalter	PRIMARY_CORE	D_CORE_RECALL_11_30
25	Immobilien Verwaltung Klagenfurt GmbH	Immobilien Verwaltung Klagenfurt GmbH	Immobilien Verwaltung Klagenfurt GmbH	https://www.klagenfurt-wohnen.at/	https://firmen.wko.at/immobilien-verwaltung-klagenfurt-gmbh-immobilien-verwaltung-klagenfurt-gmbh/k%c3%a4rnten/?firmaid=d3e56be0-14f6-4218-bcc3-272c7810184e&standortid=6&standortname=k%c3%a4rnten%20%28bundesland%29&suchbegriff=immobilienverwalter	PRIMARY_CORE	C_CORE_20_PLUS_RANGE
26	Ludwig Hallas, Immobilienverwaltung Gesellschaft m.b.H.	Ludwig Hallas, Immobilienverwaltung Gesellschaft m.b.H.	Ludwig Hallas, Immobilienverwaltung Gesellschaft m.b.H.	http://www.hallas.at/	https://firmen.wko.at/ludwig-hallas-immobilienverwaltung-gesellschaft-mbh/wien/?firmaid=1488ee5c-9ebe-4391-a73f-50b34e432d8d&standortid=1&standortname=wien%20%28bundesland%29&suchbegriff=immobilienverwalter	PRIMARY_CORE	D_CORE_RECALL_11_30
27	Salzburg Wohnbau GmbH	Salzburg Wohnbau GmbH	Salzburg Wohnbau GmbH	http://www.salzburg-wohnbau.at/	https://firmen.wko.at/salzburg-wohnbau-gmbh-immobilientreuh%c3%a4nder-immobilienmakler-immobilienverwalter/salzburg/?firmaid=73b2127c-dd25-4908-a82e-82bf680f9849&standortid=4&standortname=salzburg%20%28bundesland%29&suchbegriff=immobilienverwalter	PRIMARY_CORE	A_CORE_30_PLUS_DIRECT
28	WEVIG Wohnungseigentumsverwaltungs- und Immobilientreuhand-Gesellschaft m.b.H.	WEVIG Wohnungseigentumsverwaltungs- und Immobilientreuhand-Gesellschaft m.b.H.	WEVIG Wohnungseigentumsverwaltungs- und Immobilientreuhand-Gesellschaft m.b.H.	https://wevig.at/	https://firmen.wko.at/wevig-wohnungseigentumsverwaltungs-und-immobilientreuhand-gesellschaft-mbh/nieder%c3%b6sterreich/?firmaid=382f262c-0390-48ea-a925-d110875546f3&standortid=2&standortname=nieder%c3%b6sterreich%20%28bundesland%29&suchbegriff=immobilienverwalter	PRIMARY_CORE	D_CORE_RECALL_11_30
29	Apleona Real Estate AT GmbH	Apleona Real Estate AT GmbH	Apleona Real Estate AT GmbH	https://www.realestate.apleona.at/	https://firmen.wko.at/apleona-real-estate-at-gmbh/wien/?firmaid=0c7fae37-ce34-4376-be1a-e8458a034c13&standortid=1&standortname=wien%20%28bundesland%29&suchbegriff=immobilienverwalter	PRIMARY_CORE	A_CORE_30_PLUS_DIRECT
30	Dr.Gerlich + Co.Hausverwaltung & Facility Management GmbH	Dr.Gerlich + Co.Hausverwaltung & Facility Management GmbH	Dr.Gerlich + Co.Hausverwaltung & Facility Management GmbH		https://firmen.wko.at/drgerlich-cohausverwaltung-und-facility-management-gmbh/salzburg/?firmaid=219f42a8-a4f3-4f4e-9690-4e26dc00712f&standortid=4&standortname=salzburg%20%28bundesland%29&suchbegriff=immobilienverwalter	PRIMARY_CORE	A_CORE_30_PLUS_DIRECT
31	Immobilientreuhand Kluger GmbH	Immobilientreuhand Kluger GmbH	Immobilientreuhand Kluger GmbH		https://firmen.wko.at/immobilientreuhand-kluger-gmbh/wien/?firmaid=085657f5-9f16-4690-923d-20497f4158bc&standortid=1&standortname=wien%20%28bundesland%29&suchbegriff=immobilienverwalter	PRIMARY_CORE	D_CORE_RECALL_11_30
32	NV Immobilien GmbH	NV Immobilien GmbH	NV Immobilien GmbH		https://firmen.wko.at/nv-immobilien-gmbh/nieder%c3%b6sterreich/?firmaid=af42e25e-cdfc-4328-8df2-c011a4c322f2&standortid=2&standortname=nieder%c3%b6sterreich%20%28bundesland%29&suchbegriff=immobilienverwalter	PRIMARY_CORE	D_CORE_RECALL_11_30
33	SES Center Management GmbH	SES Center Management GmbH	SES Center Management GmbH		https://firmen.wko.at/ses-center-management-gmbh/salzburg/?firmaid=79f71352-b685-432e-bc8b-21f56895e524&standortid=4&standortname=salzburg%20%28bundesland%29&suchbegriff=immobilienverwalter	ADD_TO_SALES_POOL	E_ADJACENT_30_PLUS
34	Wohnbau 2000 Gesellschaft mbH	Wohnbau 2000 Gesellschaft mbH	Wohnbau 2000 Gesellschaft mbH	http://www.wohnbau2000.at/	https://firmen.wko.at/wohnbau-2000-gesellschaft-mbh-immobilien-bautr%c3%84ger-makler-verwalter/ober%c3%b6sterreich/?firmaid=0371acbe-5cc3-4c87-911b-496bbeed12b2&standortid=3&standortname=ober%c3%b6sterreich%20%28bundesland%29&suchbegriff=immobilienverwalter	PRIMARY_CORE	C_CORE_20_PLUS_RANGE
35	BOE Gebäudemanagement Gesellschaft m.b.H.	BOE Gebäudemanagement Gesellschaft m.b.H.	BOE Gebäudemanagement Gesellschaft m.b.H.	http://www.boe-parking.at/	https://firmen.wko.at/boe-geb%c3%a4udemanagement-gesellschaft-mbh/tirol/?firmaid=4cef397c-cbbe-45bc-8d3b-21ca36fae81b&standortid=7&standortname=tirol%20%28bundesland%29&suchbegriff=immobilienverwalter	ADD_TO_SALES_POOL	E_ADJACENT_30_PLUS
36	GSA Wohnbauträger GmbH	GSA Wohnbauträger GmbH	GSA Wohnbauträger GmbH		https://firmen.wko.at/gsa-wohnbautr%c3%a4ger-gmbh/ober%c3%b6sterreich/?firmaid=9d65930d-0479-4028-9f68-2edde4a97a33&standortid=3&standortname=ober%c3%b6sterreich%20%28bundesland%29&suchbegriff=immobilienverwalter	ADD_TO_SALES_POOL	E_ADJACENT_30_PLUS
37	ista Österreich GmbH	ista Österreich GmbH	ista Österreich GmbH	http://www.ista.at/	https://firmen.wko.at/ista-%c3%96sterreich-gmbh/wien/?firmaid=213ad5af-0add-4e26-9f75-44e52383e686&standortid=1&standortname=wien%20%28bundesland%29&suchbegriff=immobilienverwalter	ADD_TO_SALES_POOL	E_ADJACENT_30_PLUS
38	PRISMA Zentrum für Standort- und Regionalentwicklung GmbH	PRISMA Zentrum für Standort- und Regionalentwicklung GmbH	PRISMA Zentrum für Standort- und Regionalentwicklung GmbH	https://www.prisma-zentrum.com/	https://firmen.wko.at/%22prisma%22-zentrum-f%c3%bcr-standort-und-regionalentwicklung-gmbh/salzburg/?firmaid=c4259ce0-2340-4dbd-bdf9-6cf297ee7b3d&standortid=4&standortname=salzburg%20%28bundesland%29&suchbegriff=immobilienverwalter	ADD_TO_SALES_POOL	E_ADJACENT_30_PLUS
39	Unibail-Rodamco Austria Verwaltungs GmbH	Unibail-Rodamco Austria Verwaltungs GmbH	Unibail-Rodamco Austria Verwaltungs GmbH		https://firmen.wko.at/unibail-rodamco-austria-verwaltungs-gmbh/nieder%c3%b6sterreich/?firmaid=558419c0-dc6b-4c90-b866-81e136186aa6&standortid=2&standortname=nieder%c3%b6sterreich%20%28bundesland%29&suchbegriff=immobilienverwalter	ADD_TO_SALES_POOL	E_ADJACENT_30_PLUS
40	be real Immobilienmanagement GmbH	be real Immobilienmanagement GmbH	be real Immobilienmanagement GmbH	http://www.bereal-immobilien.at/	https://firmen.wko.at/be-real-immobilienmanagement-gmbh/wien/?firmaid=0db5736d-8b4a-41cc-acd4-611f22e60540&standortid=1&standortname=wien%20%28bundesland%29&suchbegriff=immobilienverwalter	PRIMARY_CORE	D_CORE_RECALL_11_30
41	GRAWE Immo AG	GRAWE Immo AG	GRAWE IMMO AG	http://www.gwimmo.at/	https://firmen.wko.at/grawe-immo-ag/steiermark/?firmaid=3e9afebc-bcab-453c-807d-6ede8fd40f47&standortid=5&standortname=steiermark%20%28bundesland%29&suchbegriff=immobilienverwalter	ADD_TO_SALES_POOL	E_ADJACENT_30_PLUS
42	International Campus Austria GmbH	International Campus Austria GmbH	International Campus Austria GmbH		https://firmen.wko.at/international-campus-austria-gmbh/wien/?firmaid=09505220-ff99-4ca6-843c-4dbfdcd07ada&standortid=1&standortname=wien%20%28bundesland%29&suchbegriff=immobilienverwalter	ADD_TO_SALES_POOL	E_ADJACENT_30_PLUS
43	Porsche Immobilien Gesellschaft m.b.H.	Porsche Immobilien Gesellschaft m.b.H.	Porsche Immobilien Gesellschaft m.b.H.		https://firmen.wko.at/porsche-immobilien-gesellschaft-mbh/salzburg/?firmaid=3aca3e73-9ff6-46d0-8b65-21435521cb21&standortid=4&standortname=salzburg%20%28bundesland%29&suchbegriff=immobilienverwalter	ADD_TO_SALES_POOL	E_ADJACENT_30_PLUS
44	Ulreich VerwaltungsGmbH	Ulreich VerwaltungsGmbH	Ulreich VerwaltungsGmbH		https://firmen.wko.at/ulreich-verwaltungsgmbh/wien/?firmaid=e0e7f760-3864-4381-884e-983d57c858c1&standortid=1&standortname=wien%20%28bundesland%29&suchbegriff=immobilienverwalter	PRIMARY_CORE	D_CORE_RECALL_11_30
45	ÖBB-Immobilienmanagement Gesellschaft mbH	ÖBB-Immobilienmanagement Gesellschaft mbH	ÖBB-Immobilienmanagement Gesellschaft mbH		https://firmen.wko.at/%c3%96bb-immobilienmanagement-gesellschaft-mbh/salzburg/?firmaid=dbe320f6-197f-468e-a099-01772f442235&standortid=4&standortname=salzburg%20%28bundesland%29&suchbegriff=immobilienverwalter	ADD_TO_SALES_POOL	E_ADJACENT_30_PLUS
46	Alpen Real Immobilien GmbH	Alpen Real Immobilien GmbH	Alpen Real Immobilien GmbH		https://firmen.wko.at/alpen-real-immobilien-gmbh/salzburg/?firmaid=9850b2d6-ba5c-4095-b8df-2b52f86737cf&standortid=4&standortname=salzburg%20%28bundesland%29&suchbegriff=immobilienverwalter	PRIMARY_CORE	D_CORE_RECALL_11_30
47	Dr. Peter Dirnbacher Immobilientreuhand GmbH & Co KG	Dr. Peter Dirnbacher Immobilientreuhand GmbH & Co KG	Dr. Peter Dirnbacher Immobilientreuhand GmbH & Co KG		https://firmen.wko.at/dr-peter-dirnbacher-immobilientreuhand-gmbh-und-co-kg/wien/?firmaid=3fb133e5-3502-4017-9c5e-2fad723cd6a1&standortid=1&standortname=wien%20%28bundesland%29&suchbegriff=immobilienverwalter	PRIMARY_CORE	D_CORE_RECALL_11_30
48	Immobilienkanzlei Mag. Wolf-Dietrich Schneeweiss e.U.	Immobilienkanzlei Mag. Wolf-Dietrich Schneeweiss e.U.	Immobilienkanzlei Mag. Wolf-Dietrich Schneeweiss e.U.		https://firmen.wko.at/immobilienkanzlei-mag-wolf-dietrich-schneeweiss-eu/wien/?firmaid=bf8a27a4-170f-47d6-a58d-fd3966bdfeea&standortid=1&standortname=wien%20%28bundesland%29&suchbegriff=immobilienverwalter	PRIMARY_CORE	A_CORE_30_PLUS_DIRECT
49	McArthurGlen Management Gesellschaft m.b.H.	McArthurGlen Management Gesellschaft m.b.H.	McArthurGlen Management Gesellschaft m.b.H.		https://firmen.wko.at/mcarthurglen-management-gesellschaft-mbh/salzburg/?firmaid=c68fab59-adde-430d-b054-1eb93956904f&standortid=4&standortname=salzburg%20%28bundesland%29&suchbegriff=immobilienverwalter	ADD_TO_SALES_POOL	E_ADJACENT_30_PLUS
50	SERIA Immobilien & Treuhand GmbH	SERIA Immobilien & Treuhand GmbH	SERIA Immobilien & Treuhand GmbH	http://www.seria.at/	https://firmen.wko.at/seria-immobilien-und-treuhand-gmbh-hausverwaltung-vermittlung-verkauf/steiermark/?firmaid=0e2d9d35-5d13-4736-b993-a3a09946b0a6&standortid=5&standortname=steiermark%20%28bundesland%29&suchbegriff=immobilienverwalter	PRIMARY_CORE	D_CORE_RECALL_11_30
51	Woge Realitäten Gesellschaft m.b.H.	Woge Realitäten Gesellschaft m.b.H.	Woge Realitäten Gesellschaft m.b.H.	https://www.hausverwaltungwoge.at/	https://firmen.wko.at/woge-realit%c3%a4ten-gesellschaft-mbh/wien/?firmaid=b1f62a6e-5c47-4782-851a-112c0dab2456&standortid=1&standortname=wien%20%28bundesland%29&suchbegriff=immobilienverwalter	PRIMARY_CORE	D_CORE_RECALL_11_30
52	CBRE GmbH	CBRE GmbH	CBRE GmbH	http://www.cbre.at/	https://firmen.wko.at/cbre-gmbh-cbre-gmbh/wien/?firmaid=f9385336-8856-4a6b-b913-0574cec1db0a&standortid=1&standortname=wien%20%28bundesland%29&suchbegriff=immobilienverwalter	ADD_TO_SALES_POOL	E_ADJACENT_30_PLUS
53	Haus & Grund Immobilien Management GmbH	Haus & Grund Immobilien Management GmbH	Haus & Grund Immobilien Management GmbH		https://firmen.wko.at/haus-und-grund-immobilien-management-gmbh/salzburg/?firmaid=d103a1fd-e6b7-4e9c-98bc-63bf61bb7e87&standortid=4&standortname=salzburg%20%28bundesland%29&suchbegriff=immobilienverwalter	PRIMARY_CORE	C_CORE_20_PLUS_RANGE
54	KAPPACHER-SELINA Hausverwaltung GmbH	KAPPACHER-SELINA Hausverwaltung GmbH	SELINA/Kappacher group	https://www.kappacher-selina.at/	https://firmen.wko.at/kappacher-selina-hausverwaltung-gmbh-immobilientreuh%c3%a4nder/salzburg/?firmaid=5415d9e1-c8a8-4f86-ac2a-bf21d780840a&standortid=4&standortname=salzburg%20%28bundesland%29&suchbegriff=immobilienverwalter	PRIMARY_CORE	A_CORE_30_PLUS_DIRECT
55	Realverwaltung GmbH	Realverwaltung GmbH	Realverwaltung GmbH	http://stefan.rutter@rutter.at/	https://firmen.wko.at/realverwaltung-gmbh/k%c3%a4rnten/?firmaid=4f8bab4e-76b5-4c93-a9d7-3190d7d88a6f&standortid=6&standortname=k%c3%a4rnten%20%28bundesland%29&suchbegriff=immobilienverwalter	ADD_TO_SALES_POOL	E_ADJACENT_30_PLUS
56	WARIWODA & RICHTER Immobilientreuhandgesellschaft m.b.H.	WARIWODA & RICHTER Immobilientreuhandgesellschaft m.b.H.	WARIWODA & RICHTER Immobilientreuhandgesellschaft m.b.H.		https://firmen.wko.at/wariwoda-und-richter-immobilientreuhandgesellschaft-mbh/wien/?firmaid=559ebf25-eaf7-475b-9606-a01fda645de0&standortid=1&standortname=wien%20%28bundesland%29&suchbegriff=immobilienverwalter	PRIMARY_CORE	D_CORE_RECALL_11_30
57	AREV Immobilien Gesellschaft m.b.H.	AREV Immobilien Gesellschaft m.b.H.	AREV Immobilien Gesellschaft m.b.H.	http://www.arev.at/	https://firmen.wko.at/arev-immobilien-gesellschaft-mbh/ober%c3%b6sterreich/?firmaid=c161f677-5e7a-4720-945d-e4475d198301&standortid=3&standortname=ober%c3%b6sterreich%20%28bundesland%29&suchbegriff=immobilienverwalter	PRIMARY_CORE	A_CORE_30_PLUS_DIRECT
58	Franz Kramas Gebäudeverwaltung G.m.b.H.	Franz Kramas Gebäudeverwaltung G.m.b.H.	Franz Kramas Gebäudeverwaltung G.m.b.H.	http://www.kramas.at/	https://firmen.wko.at/franz-kramas-geb%c3%a4udeverwaltung-gmbh/wien/?firmaid=cbd09d2d-cff7-4a30-8a18-11710631c757&standortid=1&standortname=wien%20%28bundesland%29&suchbegriff=immobilienverwalter	PRIMARY_CORE	C_CORE_20_PLUS_RANGE
59	IMMOcontract Real Estate Management GmbH	IMMOcontract Real Estate Management GmbH	IMMOcontract Real Estate Management GmbH	http://www.donath.at/	https://firmen.wko.at/immocontract-real-estate-management-gmbh/steiermark/?firmaid=dbe2a200-b7a0-42d4-86c9-c84c06edd055&standortid=5&standortname=steiermark%20%28bundesland%29&suchbegriff=immobilienverwalter	PRIMARY_CORE	A_CORE_30_PLUS_DIRECT
60	Palladio Immobilien GmbH	Palladio Immobilien GmbH	Palladio Immobilien GmbH	http://www.palladio-immobilien.at/	https://firmen.wko.at/palladio-immobilien-gmbh/wien/?firmaid=6f77e8b8-4109-46d6-ac85-12ad559c2ce4&standortid=1&standortname=wien%20%28bundesland%29&suchbegriff=immobilienverwalter	PRIMARY_CORE	D_CORE_RECALL_11_30
61	Stiller & Hohla Immobilientreuhänder GmbH	Stiller & Hohla Immobilientreuhänder GmbH	Stiller & Hohla Immobilientreuhänder GmbH	http://www.stiller-hohla.at/	https://firmen.wko.at/stiller-und-hohla-immobilientreuh%c3%a4nder-gmbh/salzburg/?firmaid=7a1bd960-03ae-4c71-a887-9adeda32eef0&standortid=4&standortname=salzburg%20%28bundesland%29&suchbegriff=immobilienverwalter	PRIMARY_CORE	A_CORE_30_PLUS_DIRECT
62	WSE Wiener Standortentwicklung GmbH	WSE Wiener Standortentwicklung GmbH	WSE Wiener Standortentwicklung GmbH		https://firmen.wko.at/wse-wiener-standortentwicklung-gmbh/wien/?firmaid=9e4cd29e-fc6c-43c2-afca-24c24f3a43b3&standortid=1&standortname=wien%20%28bundesland%29&suchbegriff=immobilienverwalter	ADD_TO_SALES_POOL	E_ADJACENT_30_PLUS
63	Brichard Immobilien GmbH	Brichard Immobilien GmbH	Brichard Immobilien GmbH	http://www.brichard.at/	https://firmen.wko.at/brichard-immobilien-gmbh/wien/?firmaid=ddcbf14e-575a-457e-a7ac-3ba72a9cabb5&standortid=1&standortname=wien%20%28bundesland%29&suchbegriff=immobilienverwalter	PRIMARY_CORE	A_CORE_30_PLUS_DIRECT
64	Gutwerk Immobilien Treuhand GmbH	Gutwerk Immobilien Treuhand GmbH	Gutwerk Immobilien Treuhand GmbH		https://firmen.wko.at/gutwerk-immobilien-treuhand-gmbh/wien/?firmaid=e98c9dfe-41b4-4b02-820a-17cf04779d16&standortid=1&standortname=wien%20%28bundesland%29&suchbegriff=immobilienverwalter	PRIMARY_CORE	D_CORE_RECALL_11_30
65	IVB-Immobilienvermarktung und Bauträger Ges.m.b.H.	IVB-Immobilienvermarktung und Bauträger Ges.m.b.H.	IVB-Immobilienvermarktung und Bauträger Ges.m.b.H.		https://firmen.wko.at/ivb-immobilienvermarktung-und-bautr%c3%a4ger-gesmbh/burgenland/?firmaid=cb9c2ef1-4df2-4ce4-8b62-8e9dec5ab0fe&standortid=9&standortname=burgenland%20%28bundesland%29&suchbegriff=immobilienverwalter	PRIMARY_CORE	D_CORE_RECALL_11_30
66	Pusta & Partner HausverwaltungsGmbH	Pusta & Partner HausverwaltungsGmbH	Pusta & Partner HausverwaltungsGmbH	https://www.pusta-partner.at/	https://firmen.wko.at/pusta-und-partner-hausverwaltungsgmbh-immobilientreuh%c3%a4nder-verwalter/wien/?firmaid=a1db2e73-f7c0-43f0-9b66-ab991ef0bd7b&standortid=1&standortname=wien%20%28bundesland%29&suchbegriff=immobilienverwalter	PRIMARY_CORE	D_CORE_RECALL_11_30
67	Venta Immobilien Service GmbH	Venta Immobilien Service GmbH	Venta Immobilien Service GmbH		https://firmen.wko.at/venta-immobilien-service-gmbh/steiermark/?firmaid=07639a24-aa67-4fa3-b85b-dcad9eeeb5b0&standortid=5&standortname=steiermark%20%28bundesland%29&suchbegriff=immobilienverwalter	PRIMARY_CORE	D_CORE_RECALL_11_30
68	"""Die Kärntner""-Wohnbau und Hausverwaltungsgesellschaft m.b.H."	"""Die Kärntner""-Wohnbau und Hausverwaltungsgesellschaft m.b.H."	"""Die Kärntner""-Wohnbau und Hausverwaltungsgesellschaft m.b.H."		https://firmen.wko.at/%22die-k%c3%a4rntner%22-wohnbau-und-hausverwaltungsgesellschaft-mbh/k%c3%a4rnten/?firmaid=12ff5b5a-8740-4bb8-8e23-85715b6c83a9&standortid=6&standortname=k%c3%a4rnten%20%28bundesland%29&suchbegriff=immobilienverwalter	PRIMARY_CORE	D_CORE_RECALL_11_30
69	COLLIERS Immobilienverwaltung GmbH	COLLIERS Immobilienverwaltung GmbH	Colliers Austria	https://www.colliers.com/de-at/dienstleistungen/property-management-services	https://firmen.wko.at/colliers-immobilienverwaltung-gmbh/wien/?firmaid=75f91559-31fe-4a99-94c3-5e0d5534bb38&standortid=1&standortname=wien%20%28bundesland%29&suchbegriff=immobilienverwalter	PRIMARY_CORE	B_CORE_30_PLUS_GROUP
70	IG Immobilien Management GmbH	IG Immobilien Management GmbH	IG Immobilien Management GmbH	http://www.ig-immobilien.com/	https://firmen.wko.at/ig-immobilien-management-gmbh/wien/?firmaid=c4d3400e-4a70-4a48-845a-99d6d37c175f&standortid=1&standortname=wien%20%28bundesland%29&suchbegriff=immobilienverwalter	PRIMARY_CORE	A_CORE_30_PLUS_DIRECT
71	Leitgöb Hausverwaltung GmbH	Leitgöb Hausverwaltung GmbH	Leitgöb Wohnbau group		https://firmen.wko.at/leitg%c3%b6b-hausverwaltung-gmbh/salzburg/?firmaid=0d349152-ab87-43fc-8530-6ccc2e0a8a6d&standortid=4&standortname=salzburg%20%28bundesland%29&suchbegriff=immobilienverwalter	PRIMARY_CORE	B_CORE_30_PLUS_GROUP
72	RES Immobilienverwaltung GmbH	RES Immobilienverwaltung GmbH	RES Immobilienverwaltung GmbH	http://www.res.at/	https://firmen.wko.at/res-immobilienverwaltung-gmbh-res-immobilienverwaltung-gmbh/wien/?firmaid=65a232ee-baac-4ccf-a4fa-d120bd2ac7ec&standortid=1&standortname=wien%20%28bundesland%29&suchbegriff=immobilienverwalter	PRIMARY_CORE	D_CORE_RECALL_11_30
73	Weinberger Biletti Immobilien Graz GmbH	Weinberger Biletti Immobilien Graz GmbH	Weinberger Biletti Immobilien Graz GmbH	http://www.weinberger-biletti.at/	https://firmen.wko.at/weinberger-biletti-immobilien-graz-gmbh-immobilienverwaltung/steiermark/?firmaid=58454438-1735-4e38-9836-6164e061238a&standortid=5&standortname=steiermark%20%28bundesland%29&suchbegriff=immobilienverwalter	PRIMARY_CORE	C_CORE_20_PLUS_RANGE
74	"""Hausverwaltung Franz Dangl"" Gesellschaft m.b.H."	"""Hausverwaltung Franz Dangl"" Gesellschaft m.b.H."	"""Hausverwaltung Franz Dangl"" Gesellschaft m.b.H."	http://www.franz-dangl-gmbh.at/	https://firmen.wko.at/%22hausverwaltung-franz-dangl%22-gesellschaft-mbh/wien/?firmaid=4bb67eff-2c49-4cd4-a76f-0eed2ae01bdf&standortid=1&standortname=wien%20%28bundesland%29&suchbegriff=immobilienverwalter	PRIMARY_CORE	D_CORE_RECALL_11_30
75	convival Immobilien GmbH	convival Immobilien GmbH	convival Immobilien GmbH		https://firmen.wko.at/convival-immobilien-gmbh/wien/?firmaid=3547dbe5-5bd0-48b7-be8d-ee0ca80b0044&standortid=1&standortname=wien%20%28bundesland%29&suchbegriff=immobilienverwalter	PRIMARY_CORE	D_CORE_RECALL_11_30
76	Immobilien Treuhand Hanke & Bodner KG	Immobilien Treuhand Hanke & Bodner KG	Immobilien Treuhand Hanke & Bodner KG	https://www.spittaler-hausverwaltung.at/	https://firmen.wko.at/immobilien-treuhand-hanke-und-bodner-kg/k%c3%a4rnten/?firmaid=b243c568-5e0c-4d69-845d-088ae10a693a&standortid=6&standortname=k%c3%a4rnten%20%28bundesland%29&suchbegriff=immobilienverwalter	PRIMARY_CORE	D_CORE_RECALL_11_30
77	LIM-MANAGEMENT GmbH	LIM-MANAGEMENT GmbH	LIM group	http://www.lim-management.at/	https://firmen.wko.at/lim-management-gmbh-immobilienverwaltung/wien/?firmaid=010eeb90-7e9f-41ce-b393-6ee8d3c325f3&standortid=1&standortname=wien%20%28bundesland%29&suchbegriff=immobilienverwalter	PRIMARY_CORE	B_CORE_30_PLUS_GROUP
78	Sabo+Mandl & Tomaschek Immobilien GmbH	Sabo+Mandl & Tomaschek Immobilien GmbH	Sabo+Mandl & Tomaschek Immobilien GmbH	https://www.smt-immobilien.at/	https://firmen.wko.at/sabomandl-und-tomaschek-immobilien-gmbh/wien/?firmaid=2dc15e46-bd71-4b0c-9b35-5e3feaac897c&standortid=1&standortname=wien%20%28bundesland%29&suchbegriff=immobilienverwalter	PRIMARY_CORE	A_CORE_30_PLUS_DIRECT
79	WESIAK Gesellschaft m.b.H.	WESIAK Gesellschaft m.b.H.	WESIAK group	http://www.wesiak.com/	https://firmen.wko.at/wesiak-gesellschaft-mbh-wwesiak-gesellschaft-mbh/steiermark/?firmaid=df2b5e51-b25e-4524-b0fc-20ab91bb85d1&standortid=5&standortname=steiermark%20%28bundesland%29&suchbegriff=immobilienverwalter	PRIMARY_CORE	B_CORE_30_PLUS_GROUP
80	CBRE GWS Austria GmbH	CBRE GWS Austria GmbH	CBRE GWS Austria GmbH		https://firmen.wko.at/cbre-gws-austria-gmbh/tirol/?firmaid=5a15c029-6f74-46ae-9744-690c59c0627a&standortid=7&standortname=tirol%20%28bundesland%29&suchbegriff=immobilienverwalter	ADD_TO_SALES_POOL	E_ADJACENT_30_PLUS
81	HÖS Heimat Österreich Service GesmbH	HÖS Heimat Österreich Service GesmbH	HÖS Heimat Österreich Service GesmbH		https://firmen.wko.at/h%c3%96s-heimat-%c3%96sterreich-service-gesmbh/salzburg/?firmaid=60b9d09f-16e8-4f20-8463-0305e579475c&standortid=4&standortname=salzburg%20%28bundesland%29&suchbegriff=immobilienverwalter	PRIMARY_CORE	A_CORE_30_PLUS_DIRECT
82	KIBB Immobilien GmbH	KIBB Immobilien GmbH	KIBB Immobilien GmbH		https://firmen.wko.at/kibb-immobilien-gmbh/wien/?firmaid=1abea1f8-b61b-405a-873a-22e8ad6430bf&standortid=1&standortname=wien%20%28bundesland%29&suchbegriff=immobilienverwalter	ADD_TO_SALES_POOL	E_ADJACENT_30_PLUS
83	REIWAG Facility Services GmbH	REIWAG Facility Services GmbH	REIWAG Facility Services GmbH	http://www.reiwag.com/	https://firmen.wko.at/reiwag-facility-services-gmbh/wien/?firmaid=ccd49180-ebb3-460d-a3e1-c311d3b25cf9&standortid=1&standortname=wien%20%28bundesland%29&suchbegriff=immobilienverwalter	ADD_TO_SALES_POOL	E_ADJACENT_30_PLUS
84	Weinberger Biletti Immobilien GmbH	Weinberger Biletti Immobilien GmbH	Weinberger Biletti Immobilien GmbH	http://www.wbi.wien/	https://firmen.wko.at/weinberger-biletti-immobilien-gmbh-hausverwaltung/wien/?firmaid=dae5cc36-561a-431f-b78c-43832158c004&standortid=1&standortname=wien%20%28bundesland%29&suchbegriff=immobilienverwalter	PRIMARY_CORE	C_CORE_20_PLUS_RANGE
85	ARWAG Immobilientreuhand Gesellschaft m.b.H.	ARWAG Immobilientreuhand Gesellschaft m.b.H.	ARWAG group	http://www.arwag.at/	https://firmen.wko.at/arwag-immobilientreuhand-gesellschaft-mbh-wo-das-leben-lebt/wien/?firmaid=e7a3723a-2739-4e83-9d1a-5612db0501b7&standortid=1&standortname=wien%20%28bundesland%29&suchbegriff=immobilienverwalter	PRIMARY_CORE	B_CORE_30_PLUS_GROUP
86	Frieda Rustler Gebäudeverwaltung GmbH & Co KG	Frieda Rustler Gebäudeverwaltung GmbH & Co KG	Rustler group	http://www.rustler.eu/	https://firmen.wko.at/frieda-rustler-geb%c3%a4udeverwaltung-gmbh-und-co-kg/salzburg/?firmaid=eaece165-7f32-4ffe-9a7e-d03f164975ee&standortid=4&standortname=salzburg%20%28bundesland%29&suchbegriff=immobilienverwalter	PRIMARY_CORE	B_CORE_30_PLUS_GROUP
87	IMV Immobilien Management GmbH	IMV Immobilien Management GmbH	IMV Immobilien Management GmbH	http://www.imv.co.at/	https://firmen.wko.at/imv-immobilien-management-gmbh/steiermark/?firmaid=8a39d3d5-cfe4-4789-bbbf-1aeed095c331&standortid=5&standortname=steiermark%20%28bundesland%29&suchbegriff=immobilienverwalter	PRIMARY_CORE	A_CORE_30_PLUS_DIRECT
88	PFG Liegenschaftsbewirtschaftungs GmbH &Co KG	PFG Liegenschaftsbewirtschaftungs GmbH &Co KG	PFG Liegenschaftsbewirtschaftungs GmbH & Co KG		https://firmen.wko.at/pfg-liegenschaftsbewirtschaftungs-gmbh-undco-kg/salzburg/?firmaid=e3a6e719-cf2f-4fae-baa7-66ed02613d23&standortid=4&standortname=salzburg%20%28bundesland%29&suchbegriff=immobilienverwalter	ADD_TO_SALES_POOL	E_ADJACENT_30_PLUS
89	STRABAG Property and Facility Services GmbH	STRABAG Property and Facility Services GmbH	STRABAG Property and Facility Services GmbH	http://www.strabag-pfs.at/	https://firmen.wko.at/strabag-property-and-facility-services-gmbh/wien/?firmaid=fbeabe35-12a5-4bf9-931b-0bfc5bb85e79&standortid=1&standortname=wien%20%28bundesland%29&suchbegriff=immobilienverwalter	ADD_TO_SALES_POOL	E_ADJACENT_30_PLUS
90	ZIMA Objektmanagement GmbH	ZIMA Objektmanagement GmbH	ZIMA group	http://www.zima.at/	https://firmen.wko.at/zima-objektmanagement-gmbh/tirol/?firmaid=60fb6e73-f44f-43cb-8dba-67245bdf3881&standortid=7&standortname=tirol%20%28bundesland%29&suchbegriff=immobilienverwalter	PRIMARY_CORE	B_CORE_30_PLUS_GROUP
